0;1;2;3;4;5;6;7;8;9;10;11;12;13;14;15;16;17;18;19;20;21;22;23;24;25
”;MINISTÉRIO;DA;PREVIDÊNCIA;E;ASSISTÊNCIA;SOCIAL-MPAS;|3.;CÓDIGO;DE;|;2100;;;;;;;;;;;;;;
";";&É;INSTITUTO;NACIONAL;DO;SEGURO;SOCIAL-INSS;—PFPAGAMENTO;—;—;|;;;;;;;;;;;;;;;
NMTA;.;e;N;4.;COMPETÊNCIA;01/2007;;;;;;;;;;;;;;;;;;;
mrenetvaasoar;—;GGUIA;DA;PREVIDENCIA;SOCIAL;-;GPS;-;——;——;:;;;;;;;;;;;;;;
5.;IDENTIFICADOR;);51.775.690/0001-971;|;;;;;;;;;;;;;;;;;;;;;
1.;NOME;OU;RAZÃO;SOCIAL/FONE/ENDEREÇO;6.;VALORES;DO;INSS;.;346.031,65;';s;;;;;;;;;;;;;
FURUKAWA;INDUSTRIAL;S;AÀ;PRODUTOS;ELETRICOS;:;:;?;";";;;;;;;;;;;;;;;;
TELEFONE:;4103414160;";";7.;|;;;;;;;;;;;;;;;;;;;;;
RUA;HASDRUBAL;BELLEGARD,620;/;-;CIDADE;INDUSTRIAL;CEP:;81460-120;CURITIBA;:;—;|;;;;;;;;;;;;;
2.;VENCIMENTO;-”;:|;9.;VALORES;DE;OUTRAS;';';;;;;;;;;;;;;;;;
(Uso;exclusivo;do;INSS);|/;ENTIDADES;38.268,55;|;;;;;;;;;;;;;;;;;;
ATENÇÃO:;É;vedada;a;utilização;de;GPS;para;recolhimento;de;receita;de;valor;|4O.;ATM/MULTA;E;;;;;;;;;;
inferior;ao;estipulado;em;Resolução;publicada;pelo;INSS.;A;receita;que;resultar;JUROS;;;;;;;;;;;;;
valor;inferior;deverá;ser;adicionada;à;contribuição;ou;importancia;correspondente;;;;;;;;;;;;;;;;
||;nos;meses;subsequentes,;até;que;o;total;seja;igual;ou;superior;ao;valor;mínimo;;;;;;;;;;;
fixado.;:;;;;;;;;;;;;;;;;;;;;;;;;
T;11.;TOTAL;384.300,20;;;;;;;;;;;;;;;;;;;;;;
Obs;.;:;Nº;de;contribuintes:;346;12.;AUTENTICAÇÃO;BANCÁRIA;;;;;;;;;;;;;;;;
';|;|;”;-;"""";2º;víal;;;;;;;;;;;;;;;;;;
.;—;MINISTÉRIODA;PREVIDÊNCIA;E;ASSISTÊNCIA;SOCIAL-MPAS;|3.;CÓDIGO;DE;2100;;;;;;;;;;;;;;;
";";&É;INSTITUTO;NACIONAL;DO;SEGURO;SOCIAL-INSS;PAGAMENTO;-;:;1;;;;;;;;;;;;;;;
o;SiA;:;.;:;4.;COMPETÊNCIA;q;01/2007;;;;;;;;;;;;;;;;;
Premicusoam.;—;(GUIA;DA;PREVIDENCIA;SOCIAL;-;GPS;—;-;+>;-;:;:;;;;;;;;;;;;
1);5.;IDENTIFICADOR;81.775.690/0003-53;|;;;;;;;;;;;;;;;;;;;;;
1.;NOVME;OU;RAZÃO;SOCIAL/FONE/ENDEREÇO;"""";—;"""lg";VALORES;DO;INSS;50,432;51;";";;;;;;;;;;;;
';FURUKAWA;INDUSTRIAL;S;A;PRODUTOS;ELETRICOS;A;!;';:;;;;;;;;;;;;;;;
TELEFONE:;115915717;17.;d;;;;;;;;;;;;;;;;;;;;;;
';AV;DAS;NACOES;UNIDAS,;11633/;14;ANDAR;-;BROOKLIN;NOVO;CEP:;04578-901;SAO;[;|;7;;;;;;;;;
VPAULOSPO;|8.;1.;;;;;;;;;;;;;;;;;;;;;;;
2.;VENCIMENTO;9.;VALORES;DE;OUTRAS;';|;;;;;;;;;;;;;;;;;;
(Uso;exclusivo;do;INSS);|:;ENTIDADES;3.735,38;;;;;;;;;;;;;;;;;;;
X;';y;.;;;;;;;;;;;;;;;;;;;;;;
|;'TATENÇÃO:;É;vedada;a;utilização;de;GPS;para;recolhimento;de;receita;de;valor;|40,;ATMIMULTAE;=;;;;;;;;;
';inferior;ao;estipulado;em;Resolução;publicada;pelo;INSS.;A;receita;que;resultar;JUROS;;;;;;;;;;;;
k];valor;inferior;deverá;ser;adicionada;à;contribuição;ou;importancia;correspondente;;;;;;;;;;;;;;;
nos;meses;subsequentes,;até;que;o;tota!;seja;igual;ou;superior;ao;valor;mínimo;;;;;;;;;;;;
fixado.;|;o;';.;7;——;——;;;;;;;;;;;;;;;;;;
';11.;TOTAL;54.167,89;*;;;;;;;;;;;;;;;;;;;;;
];Obs;..;:;Nº;de;contribuintes:;19;12.;AUTENTICAÇÃO;BANCÁRIA;;;;;;;;;;;;;;;
-;-;2ºvia;;;;;;;;;;;;;;;;;;;;;;;
o;MINISTÉRIO;DA;PREVIDÊNCIA;E;ASSISTÊNCIA;SOCIAL-MPAS;|8.;CÓDIGO;DE';2100;|;;;;;;;;;;;;;;
',;QÓÉ;INSTITUTO;NACIONAL;DO;SEGURO;SOCIAL-INSS;PAGAMENTO;,;-;;;;;;;;;;;;;;;;
NA;.;4.;COMPETÊNCIA;01/2007;";";;;;;;;;;;;;;;;;;;;;
mentunsocar;—;GUIA;DA;PREVIDENCIA;SOCIAL-GPS;|;——;;;;;;;;;;;;;;;;;;
1;5.;IDENTIFICADOR;981.775.690/0004-34;';;;;;;;;;;;;;;;;;;;;;
1.;NOME;OU;RAZÃO;SOCIAL/IFONE/ENDEREÇO;6.;VALORES;DO;INSS;3.214,16;-;;;;;;;;;;;;;;;
FURUKAWA;INDUSTRIAL;S;AÀ;PRODUTOS;ELETRICOS;';:;|;;;;;;;;;;;;;;;;;
:;TELEFONE:;2105163905;7.;;;;;;;;;;;;;;;;;;;;;;
R.RIO;BRANCO,45/SALA;1209;-;CENTRO;CEP:;20090-003;RIO;DE;JANEIRO;RJ;T;"""";—;——;;;;;;;;;;;
2.;VENCIMENTO;';9.;VALORES;DE;OUTRAS|;;;;;;;;;;;;;;;;;;;
(Uso;exclusivo;do;INSS);ENTIDADES;:;655,09;;;;;;;;;;;;;;;;;;;
-;t;;;;;;;;;;;;;;;;;;;;;;;;
ATENÇÃO:;É;vedada;a;utilização;de;GPS;para;recolhimento;de;receita;de;valor;-;[10.;ATM/MULTA;E;';;;;;;;;
inferior;ao;estipulado;em;Resolução;publicada;pelo;INSS.;À;receita;que;resultar;JUROS;|;;;;;;;;;;;;
valor;inferior;deverá;ser;adicionada;à;contribuição;ou;importancia;correspondente;;;;;;;;;;;;;;;;
nos;meses;subsequentes,;até;que;o;total;seja;ígual;ou;superior;ao;valor;minimo;:;;;;;;;;;;;
fixado.;';;;;;;;;;;;;;;;;;;;;;;;;
aDo;11.;TOTAL;3.869,25;;;;;;;;;;;;;;;;;;;;;;
Obs;.;:;Nº;de;contribuintes:;2;12.;AUTENTICAÇÃO;BANCÁRIA;;;;;;;;;;;;;;;;
|;|;2º;via;;;;;;;;;;;;;;;;;;;;;;
";";Í;:;;;;;;;;;;;;;;;;;;;;;;;
TIPNGOS;SASP32498;090LO7;3:969,;250;GPSCIN;;;;;;;;;;;;;;;;;;;;
>;-;—;13;o;p;m——;;;;;;;;;;;;;;;;;;;
“;MINISTÉRIO;DA;PREVIDÊNCIA;E;ASSISTÊNCIA;SOCIAL-MPAS;||;3.;CÓDIGO;DE;2100;';';;;;;;;;;;;;
|;á:ªª;INSTITUTO;NACIONAL;DO;SEGURO;SOCIAL-INSS;);PAGAMENTO;—;;;;;;;;;;;;;;;;
VNE;|;-;|4.;COMPETÊNCIA;01/2007;;;;;;;;;;;;;;;;;;;;
T;messasoos;—;GUIA;DA;PREVIDENCIA;SOCIAL;-GPS;—;F;—;——;;;;;;;;;;;;;;
.;*;S.;IDENT;IFICADOR;581.775.690/0006-04;;;;;;;;;;;;;;;;;;;;
*;1.;NOME;OU;RAZÃO;SOCIAL/FONE/ENDEREÇO;[l;6.;VALORES;DO;INSS;1.593,15;Á;;;;;;;;;;;;;
|;';FURUKAWA;INDUSTRIAL;S;AÀ;PRODUTOS;ELETRICOS;D;RRR;:;:;;;;;;;;;;;;;;
);RVA;ERNESTO;FONTOURA,;1479/;SALA;801;-;SAO;GERALDO;CEP:;90230-180;PORTO;';|;;;;;;;;;;;
|||;ALEGRE;RS;|;8;:;/;|;;;;;;;;;;;;;;;;;;
2.;VENCIMENTO;9.;VALORES;DE;OUTRAS;';An;;;;;;;;;;;;;;;;;;
.);(Uso;exclusivo;do;INSS);ENTIDADES;324,03;;;;;;;;;;;;;;;;;;;
Ú;x;=;-;=;-;.;;;;;;;;;;;;;;;;;;;
|;ATENÇÃO:;É;vedada;a;utilização;de;GPS;para;recolhimento;de;receita;de;valor;[;10.;ATMIMULTA;E;";";;;;;;;
inferior;ao;estipulado;em;Resolução;publicada;pelo;INSS.;À;receita;que;resultar;[:*;JUROS;';;;;;;;;;;;
||;valor;inferior;deverá;ser;adicionada;à;contribuição;ou;importancia;correspondente;|:;;;;;;;;;;;;;;
|;nos;meses;subseqúentes,;até;que;o;total;seja;igual;ou;superior;ao;valor;mínimo;"""";NN;"""";;;;;;;;
fixado.;-;|;;;;;;;;;;;;;;;;;;;;;;;
"""xa";11.;TOTAL;,;1.917,18;;;;;;;;;;;;;;;;;;;;;
Obs;.;:;Nº;de;contribuintes:;1;*;M;2.;AUTENTICAÇÃO;BANCÁRIA;|;;;;;;;;;;;;;
|;;;;;;;;;;;;;;;;;;;;;;;;;
";";,;2º;via.;;;;;;;;;;;;;;;;;;;;;;
N.;MINISTÉRIO;DA;PREVIDÊNCIA;E;ASSISTÊNCIA;SOCIAL-MPAS;|3.;CÓDIGO;DE;12100;f;;;;;;;;;;;;;;
ª:ª?;:;—;INSTITUTO;NACIONAL;DO;SEGURO;SOCIAL-INSS;-;PAGAMENTO;:;——;l;;;;;;;;;;;;;
oA;.;4.;COMPETÊNCIA;'01/2007;';;;;;;;;;;;;;;;;;;;;
menseisoos;—;GUIA;DA;PREVIDENCIA;SOCIAL;-;GPS;——;;;;;;;;;;;;;;;;;
,;5.;IDENTIFICADOR;581.775.690/0011-63;;;;;;;;;;;;;;;;;;;;;;
1.;NOME;OU;RAZÃO;SOCIAUFONE/ENDEREÇO;-;o;"""";6.;VALORES;DO;INSS;1.210,70;;;;;;;;;;;;;
FURUKAWA;INDUSTRIAL;S;A;PRODUTOS;ELETRICOS;z;=;ss;;;;;;;;;;;;;;;;;
AV;ANTONIO;ABRAO;CARAM,430/SL;104;-;PAMPULHA;CEP:;31275-000;BELO;;;;;;;;;;;;;;;;
2.;VENCIMENTO;:;9.;VALORES;DE;OUTRAS;';;;;;;;;;;;;;;;;;;
(Uso;exclusivo;do;INSS);*;ENTIDADES;227,59;;;;;;;;;;;;;;;;;;;
ATENÇÃO:;É;vedada;a;utilização;de;GPS;para;recolhimento;de;receita;de;valor;|;10.;ATM/IMULTA;E;;;;;;;;;
inferior;ao;estipulado;em;Resolução;publicada;pelo;INSS.;A;receita;que;resultar;JUROS;;;;;;;;;;;;;
);vator;inferior;deverá;ser;adicionada;à;contribuição;ou;importancia;correspondente;;;;;;;;;;;;;;;
nos;meses;subseqientes,;até;que;o;total;seja;igual;ou;superior;ao;valor;mínimo;NN;;;;;;;;;;;
"fixado.;";;;;;;;;;;;;;;;;;;;;;;;;;
';11.;TOTAL;1.438,29;;;;;;;;;;;;;;;;;;;;;;
Obs;.;:;Nº;de;contribuintes:;1;"""";12.;AUTENTICAÇÃO;BANCÁRIA;;;;;;;;;;;;;;;
|;NA;2º;via;;;;;;;;;;;;;;;;;;;;;;
"""";o;MINISTÉRIODA;PREVIDÊNCIA;E;ASSISTÊNCIA;SOCIAL-MPAS;'|;3.;CÓDIGO;DE;2100;*;;;;;;;;;;;;;
ÉÃÉ;INSTITUTO;NACIONAL;DO;SEGURO;SOCIAL-INSS;PAGAMENTO;=;—;;;;;;;;;;;;;;;;;
DSA;R;4.;COMPETÊNCIA;02/2007;';;;;;;;;;;;;;;;;;;;;
een;—;GUIA;DA;PREVIDENCIA;SOCIAL;-;GPS;-;-=;—;-;;;;;;;;;;;;;;
:;d;5.;IDENTIFICADOR;'81.775.690/0001-91;;;;;;;;;;;;;;;;;;;;;
d;D;e;;;;;;;;;;;;;;;;;;;;;;;
';1.;NOME;OU;RAZÃO;SOCIALIFONE/ENDEREÇO;—;--;—;—;Q;6.VALORES;DOINSS;—;40276381;;;;;;;;;;;
|;*;FURUKAWA;INDUSTRIAL;S;AÀA;PRODUTOS;ELETRICOS;:;;;;;;;;;;;;;;;;;
1;TELEFONE:;4103414160;;;;;;;;;;;;;;;;;;;;;;;
||;RUA;HASDRUBAL;BELLEGARD,;820;/;-;CIDADE;INDUSTRIAL;CEP:;81460-120;CURITIBA;8;;;;;;;;;;;;;
PR;.;;;;;;;;;;;;;;;;;;;;;;;;
2.;VENCIMENTO;i;9.;VALORES;DE;OUTRAS;;;;;;;;;;;;;;;;;;;
1;(Uso;exclusivo;do;INSS);i;ENTIDADES;';495.566,67;;;;;;;;;;;;;;;;;
JATENÇÃO:;É;vedada;a;utilização;de;GPS;para;recolhimento;de;receita;de;valor;[10.;ATMIMULTAE;—;[;0;SAA;;;;;;;
inferior;ao;estipulado;em;Resolução;publicada;pelo;INSS,;A;receita;que;resultar;JUROS;;;;;;;;;;;;;
valor;inferior;deverá;ser;adicionada;à;contribuição;ou;importancia;correspondente;|.;';;;;;;;;;;;;;;
nos;meses;subsequentes,;até;que;o;total;seja;ígual;ou;superior;ao;valor;mínimo;—;|;/;;;;;;;;;
fixado.;A;mÇç;3;|NSS;|;;;;;;;;;;;;;;;;;;;;
11.;TOTAL;"Í;";448,330,48;;;;;;;;;;;;;;;;;;;;;;
Obs;.;:;Nº;de;contribuintes:;343—;|;|;';|;12.;AUTENTICAÇÃO;BANCÁRIA|;;;;;;;;;;;;
*;ee;E;v;;;;;;;;;;;;;;;;;;;;;;
goso;-;COR!;;;;;;;;;;;;;;;;;;;;;;;
o;A;A;A;A;a;a;a;S;A;A;S;E;e;a;o;À;;;;;;;;;
*;—;—;MINISTÉRIODAPREVIDÊNCIAE;ASSISTÊNCIA;SOCIAL-MPAS;|$;CÓDIGO;DE;2100;o;"""";;;;;;;;;;;;;;
”;&&3;INSTITUTO;NACIONAL;DO;SEGURO;SOCIAL-INSS;||;PAGAMENTO;;;;;;;;;;;;;;;;;
A;s;.;4.;COMPETÊNCIA;02/2007;|;;;;;;;;;;;;;;;;;;;
Prenbeascas;—;GUIA;DA;PREVIDENCIA;SOCIAL;-;GPS;—;|;;;;;;;;;;;;;;;;
";";';5;IDENTIFICADOR;:51.775.690/0003-53;';;;;;;;;;;;;;;;;;;;;
1.;NOME;OU;RAZÃO;SOCIAL/FONE/ENDEREÇO;6.;VALORES;DO;INSS;53,079;42;|;;;;;;;;;;;;;;
«;FURUKAWA;INDUSTRIAL;S;A;PRODUTOS;ELETRICOS;É;R;——;:;:;.;*;;;;;;;;;;;;
:;TELEFONE:;115515717;7.;o;";";;;;;;;;;;;;;;;;;;;;
—;AV;DAS;NACOES;UNIDAS,;11633;/;14;ANDAR;-;BROOKLIN;NOVO;CEP:;04578-901;SAO;";";”;-;-;|;—;|;;;;
:;PAULO;SP;T;18;|:;;;;;;;;;;;;;;;;;;;;
2.;VENCIMENTO;:|;9.;VALORES;DE;OUTRAS;';e;;;;;;;;;;;;;;;;;
(Uso;exclusivo;do;INSS);|.;';ENTIDADES;5.2986,88;|;;;;;;;;;;;;;;;;;
ATENÇÃO:;É;vedada;a;utilização;de;GPS;para;recolhimento;de;receita;de;valor*;|;10.;ATM/MULTA;E;!;;;;;;;;
inferior;ao;estipulado;em;Resolução;publicada;pelo;INSS.;A;receita;que;resultar;';JUROS;|;;;;;;;;;;;
valor;inferior;deverá;ser;adicionada;à;contribuição;ou;importancia;correspondente;|;;;;;;;;;;;;;;;
nos;meses;subseqiuentes,;até;que;o;tota!;seja;igual;ou;superior;ao;valor;mínimo;|;_;|;;;;;;;;;
fixado.;o;-;;;;;;;;;;;;;;;;;;;;;;;
);11.;TOTAL;58.378,30;;;;;;;;;;;;;;;;;;;;;;
Obs.;:;Nº;de;contribuíntes:;19;|;—;12.,;AUTENTICAÇÃO;BANCÁRIA;||;;;;;;;;;;;;;;
|;|;2ºvia!;;;;;;;;;;;;;;;;;;;;;;;
EPATNCIAL;;;;;;;;;;;;;;;;;;;;;;;;;
g;;;;;;;;;;;;;;;;;;;;;;;;;
!;-;MINISTÉRIO;DA;PREVIDÊNCIA;E;ASSISTÊNCIA;SOCIAL-MPAS;|3.;CÓDIGO;DE;);2700;É;;;;;;;;;;;;
U;"â)';;";INSTITUTO;NACIONAL;DO;SEGURO;SOCIAL-INSS;|;PAGAMENTO;";";——;d;;;;;;;;;;;;;;
|;À;—;..;l;J4comPETÊNCIA;—;[02/2007;';;;;;;;;;;;;;;;;;
Prrencêncasoas.;—;GGUIA;DA;PREVIDENCIA;SOCIAL-GPS;—;-;—;—;;;;;;;;;;;;;;;;
5.;IDENTIFICADOR;1;871.775.690/0004-34;';;;;;;;;;;;;;;;;;;;;;
|;';|;;;;;;;;;;;;;;;;;;;;;;;
:11,;NOME;OU;RAZÃO;SOCIAL/FONE/ENDEREÇO;6.;VALORES;DO;INSS;i;321416;1;;;;;;;;;;;;;;
14!;FURUKAWA;INDUSTRIAL;S;AÀ;PRODUTOS;ELETRICOS;|;;;;;;;;;;;;;;;;;;
!;|;TELEFONE:;2105163905;7.;|;;;;;;;;;;;;;;;;;;;;
E;T;RRIO;BRANCO,45/SALA;1209;-;CENTRO;CEP:;20090-003;RIO;DE;JANEIRO;RJ;8;';!;;;;;;;;;;
g.;2.;VENCIMENTO;d.;m;M;9.;VALORES;DE;OUTRAS;;;;;;;;;;;;;;;;
';(Uso;exclusivo;do;INSS);|;|;ENTIDADES;:;655,09;;;;;;;;;;;;;;;;
';ATENÇÃO:;É;vedada;a;utilização;de;GPS;para;recolhimento;de;receita;devalor;|10.ATWMULTAE;—;[;';;;;;;;;;
r;inferior;ao;estípulado;em;Resolução;publicada;pelo;INSS,;A;receita;que;resultar;JUROS;;;;;;;;;;;;
valor;inferior;deverá;ser;adicionada;à;contribuição;ou;importancia;correspondente;|;;;;;;;;;;;;;;;
nos;meses;subseqientes,;até;que;o;total;seja;igua!;ou;superior;ao;valor;mínimo;|;;;;;;;;;;;
fixado.;"""";=;=—;—=;;;;;;;;;;;;;;;;;;;;;
ixado;11.;TOTAL;3.869,25;;;;;;;;;;;;;;;;;;;;;;
Obs;.;:;Nº;de;contribuintes:;2;12.;AUTENTICAÇÃO;BANCÁRIA;;;;;;;;;;;;;;;;
|;-;-;—;-;:;DN;—;';"?v'jt&e%êªã;fôtgª";t;2º;via;;;;;;;;;;;;;
RRRAA;AAA;aaa;S;SSS;s;o;n;s;c;een;ee;À;;;;;;;;;;;;;
MINISTÉRIO;DA;PREVIDÊNCIA;E;ASSISTÊNCIA;SOCIAL-MPAS;|*;CÓDIGODE;—;——;|>100;;;;;;;;;;;;;;;
©;INSTITUTO;NACIONAL;DO;SEGURO;SOCIAL-INSS;PAGAMENTO;——;;;;;;;;;;;;;;;;;;
J;SE;"""";.;4.;COMPETÊNCIA;02/2007;;;;;;;;;;;;;;;;;;;
mee;—;GUIA;DA;PREVIDENCIA;SOCIAL;-;GPS;—;=;—;:;";";;;;;;;;;;;;;
NSS;&.;IDENTIFICADOR-;51.775.690/0006-04;;;;;;;;;;;;;;;;;;;;;;
T]1.;NOME;OU;RAZÃO;SOCIAL/FONE/ENDEREÇO;6.;VALORES;DO;INSS;m;;;;;;;;;;;;;;;;
!];FURUKAWA;INDUSTRIAL;S;A;PRODUTOS;ELETRICOS;;;;;;;;;;;;;;;;;;;
.));RUA;ERNESTO;FONTOURA,;1479;/;SALA;801;-;SAO;GERALDO;CEP:;90230-180;PORTO;:;:;;;;;;;;;;
2.;VENCIMENTO;9.;VALORES;DE;OUTRAS;1;;;;;;;;;;;;;;;;;;;
(Uso;exclusivo;do;INSS);|.;|;ENTIDADES;303,79;;;;;;;;;;;;;;;;;;
ATENÇÃO:;É;vedada;a;utilização;de;GPS;para;recolhimento;de;receita;de;valor;140.;ATM/MULTA;E;o;;;;;;;;;
inferior;ao;estipulado;em;Resolução;publicada;pelo;INSS.;À;receita;que;resultar;,;JUROS;:;;;;;;;;;;;
valor;inferior;deverá;ser;adicionada;à;contribuição;ou;importancia;correspondente;|;!;;;;;;;;;;;;;;
nos;meses;subseqientes,;até;que;o;total;seja;igual;ou;superior;ao;valor;mínimo;?;—;.;"""";|;;;;;;;
fixado.;|;';.;—;—;;;;;;;;;;;;;;;;;;;;
);11.;TOTAL;:;1.816,64;';;;;;;;;;;;;;;;;;;;;
Obs;.;:;Nº;de;contribuíntes:;1;D;12.;AUTENTICAÇÃO;BANCÁRIA;|*;;;;;;;;;;;;;;
.;);;;;;;;;;;;;;;;;;;;;;;;;
|;,;,;—;*.QQ;"Éés%;f&«?ª";S;:;2º;via;";";;;;;;;;;;;;;;;
COriVIÇO7E;SAS2GR43L;090307;"4.814;640.";GPSDIA;;;;;;;;;;;;;;;;;;;;;
l;";";;;;;;;;;;;;;;;;;;;;;;;;
:;S;—;MINISTÉRIO;DA;PREVIDÊNCIA;E;ASSISTÊNCIA;SOCIAL-MPAS;|?;CÓDIGODE;—;_;;;;;;;;;;;;;
);º;ª—%â?;INSTITUTO;NACIONAL;DO;SEGURO;SOCIAL-INSS;|;—;PAGAMENTO;—;-;;;;;;;;;;;;;
À;7.;-;4.;COMPETÊNCIA;'02/2007;;;;;;;;;;;;;;;;;;;;
|;manecassos.;—;GUIA;DA;PREVIDÊNCIA;SOCIAL;-;GPS;—;';';——;;;;;;;;;;;;;
|;5.;IDENTIFICADOR;[.51.775.690/0011—63;;;;;;;;;;;;;;;;;;;;;;
';—;.;-;..;.;-;-;—;-;——;——;—;;;;;;;;;;;;;
';1.;NOME;OU;RAZÃO;SOCIAL/FONE/ENDEREÇO;6.;VALORES;DO;INSS;I;1.411,35;;;;;;;;;;;;;;
|;FURUKAWA;INDUSTRIAL;S;A;PRODUTOS;ELETRICOS;——;d;AAAA;;;;;;;;;;;;;;;;
|||;TELEFONE:;3134277233;J;7.;d;';;;;;;;;;;;;;;;;;;;
|;AVANTONIO;ABRAO;CARAM,430;/;SL;104;-;PAMPULHA;CEP:;31275-000;BELO;T;!;:;;;;;;;;;;;
:;HORIZONTEMG;18;:;;;;;;;;;;;;;;;;;;;;;;
1;-.;.;-;-;—;——;B;:;:;;;;;;;;;;;;;;;;
2.;VENCIMENTO;9.;VALORES;DE;OUTRAS|,;";";';;;;;;;;;;;;;;;;;;
(Uso;exclusivo;do;INSS);|;ENTIDADES;|;“278,18;;;;;;;;;;;;;;;;;;
ATENÇÃO:;É;vedada;a;utilização;de;GPS;para;recolhimento;de;receita;de;valor;';410.;ATM/MULTA;E;";";G;;;;;;;
inferior;ao;estipulado;em;Resolução;publicada;pelo;INSS.;A;receita;que;resultar;|;";";—;JUROS;";";:;:;;;;;;;
valor;inferior;deverá;ser;adicionada;à;contribuição;ou;importancia;correspondente;';|:;.I;|;!;;;;;;;;;;;
nos;meses;subseqiientes,;até;que;o;total;seja;igual;ou;superior;ao;valor;mínimo;—;|';|;A;';';;;;;;
fixado.;o;:;”;-;:;';;;;;;;;;;;;;;;;;;;
41.;TOTAL;1.689,53;|;;;;;;;;;;;;;;;;;;;;;;
“Obs;.;:;Nº;de;contribuintes:;1;|;"""";12.;AUTENTICAÇÃO;BANCÁRIA;|:;;;;;;;;;;;;;
-;!;;;;;;;;;;;;;;;;;;;;;;;;
|;|;"""";|;2º;vial:;;;;;;;;;;;;;;;;;;;;
*;N;D;ameo;S;S;iaçaa;|;;;;;;;;;;;;;;;;;;
Cusesmina;Fê;:;;;;;;;;;;;;;;;;;;;;;;;
—;—;MINISTÉRIO;DA;PREVIDÊNCIA;E;ASSISTÊNCIA;SOCIAL-MPAS;3.;CÓDIGO;DE;2100;:;";";;;;;;;;;;;;
©;INSTITUTO;NACIONAL;DO;SEGURO;SOCIAL-INSS;PAGAMENTO;—;_;';;;;;;;;;;;;;;;;
:;A;.;.;4.;COMPETÊNCIA;03/2007;;;;;;;;;;;;;;;;;;;
maaa;—;GUIA;DA;PREVIDÊNCIA;SOCIAL;-;GPS;-;-;,;;;;;;;;;;;;;;;
_;5.;IDENTIFICADOR;51.775.690/0001-91;:;;;;;;;;;;;;;;;;;;;;;
1.;NOME;OU;RAZÃO;SOCIAL/FONE/ENDEREÇO;—;]6.;VALORES;DO;INSS;';349.281,53;|;;;;;;;;;;;;;
_FÇ_JRUKAWA;INDUSTRIAL;S;A;PRODUTOS;ELETRICOS;—;:;J;;;;;;;;;;;;;;;;;
TELEFONE:;4103414160;7.;|.;;;;;;;;;;;;;;;;;;;;;;
RUA;HASDRUBAL;BELLEGARD,620/;-;CIDADE;INDUSTRIAL;CEP:;81460-120;CURITIBA-;8;];|;;;;;;;;;;;;;;
PR;.;:;;;;;;;;;;;;;;;;;;;;;;;
T2,;VENCIMENTO;i;9.;VALORES;DE;OUTRAS;.;'.;;;;;;;;;;;;;;;;;
JATENÇÃO:;É;vedada;a;utilização;de;GPS;para;recolhimento;de;receita;de;valor;1|10.;ATMIMULTAE;—;';;;;;;;;;
inferior;ao;estipulado;em;Resolução;publicada;pelo;INSS.;A;receita;que;resultar;*;JUROS;;;;;;;;;;;;
||;valor;inferior;deverá;ser;adicionada;à;contribuição;ou;importancia;correspondente;|;";";:;;;;;;;;;;;;
nos;meses;subseqijentes,;até;que;o;total;seja;igual;ou;superior;ao;valor;minimo;|;|;|;";";;;;;;;;
fixado.;"""";;;;;;;;;;;;;;;;;;;;;;;;
);Obs;.;:;Nº;de;contribuintes:;346;12.;AUTENTICAÇÃO;BANCÁRIA;;;;;;;;;;;;;;;
|;|;2º;via.;W;;;;;;;;;;;;;;;;;;;;;
TA;OGOS;SOSCS4431;100407;387;.;403,77C;GPSDIN;;;;;;;;;;;;;;;;;;
'——_É________________———————_—_ª——_—'——;DD;a;;;;;;;;;;;;;;;;;;;;;;;
"""";u;MINISTÉRIODAPREVIDÊNCIAE;ASSISTÊNCIA;SOCIAL-MPAS;||;3:;CÓDIGO;DE;1;2700;"""";;;;;;;;;;;;;;
|;Q?)E?;INSTITUTO;NACIONAL;DO;SEGURO;SOCIAL-INSS;1;PAGAMENTO;—;—;SPA;;;;;;;;;;;;;;
SE;o;»;s;COMPETÊNCIA;|;03/2007;;;;;;;;;;;;;;;;;;;
menbénscor;—;GUIA;DA;PREVIDÊNCIA;SOCIAL;-;GPS;—;——;ª;';;;;;;;;;;;;;;
o;5.;IDENTIFICADOR;);571.775.690/0003-953;;;;;;;;;;;;;;;;;;;;;
1.;NOME;OU;RAZÃO;SOCIAL/FONE/ENDEREÇO;6;VALORES;DO;INSS;44.072,67;;;;;;;;;;;;;;;;
FURUKAWA;INDUSTRIAL;S;A;PRODUTOS;ELETRICOS;—;T;—;;;;;;;;;;;;;;;;;
TELEFONE:;115515717;7.;l?;;;;;;;;;;;;;;;;;;;;;;
);AVDAS;NACOES;UNIDAS,;?;1633;/;14;ANDAR;-;BROOKLIN;NOVO;CEP:;04578-901;SAO;——;|;;;;;;;;;
PAULO;SP;8.;l:;;;;;;;;;;;;;;;;;;;;;;
12;VENCIMENTO;9.;VALORES;DE;OUTRAS;;;;;;;;;;;;;;;;;;;;
);(Uso;exclusivo;do;INSS);ENTIDADES;';3.859,29;;;;;;;;;;;;;;;;;;
';[ATENÇÃO:;É;vedada;a;utilização;de;GPS;para;recolhimento;de;receita;de;valor;-;|;10.;ATM/MULTA;E;';|;;;;;
3;J;inferior;ao;estipulado;em;Resolução;publicada;pelo;INSS.;A;receita;que;resultar;JUROS;;;;;;;;;;;
';valor;inferior;deverá;ser;adicionada;à;confribuição;ou;importancia;correspondente;;;;;;;;;;;;;;;
);nos;meses;subsegientes,;até;que;o;total;seja;igual;ou;superior;ao;valor;mínimo;|;i;;;;;;;;;
'Tfixado.;J;-;[;;;;;;;;;;;;;;;;;;;;;;
*;11.;TOTAL;|;47.931,96;;;;;;;;;;;;;;;;;;;;;
Obs;.;:;Nº;de;contribuintes:;19;12.;AUTENTICAÇÃO;BANCÁRIA;;;;;;;;;;;;;;;;
:;|;;;;;;;;;;;;;;;;;;;;;;;;
";";;;;;;;;;;;;;;;;;;;;;;;;;
|;|;|;2;via;;;;;;;;;;;;;;;;;;;;;
EIANO01O;SOSLIA443I;100407;47;.;935;,76C;GPSDIHN;;;;;;;;;;;;;;;;;;
-;'(_.;—;L;((1%;|;;;;;;;;;;;;;;;;;;;;
,;—;MINISTÉRIODA;PREVIDÊNCIA;E;ASSISTÊNCIA;SOCIAL-MPAS;3.;CÓDIGO;DE;-;_;';;;;;;;;;;;;;
ª;INSTITUTO;NACIONAL;DO;SEGURO;SOCIAL-INSS;—PAGAMENTO.;.;—;;;;;;;;;;;;;;;;;
N;A;4.;COMPETÊNCIA;03/2007;';;;;;;;;;;;;;;;;;;;;
meúnasoes;—;GUIA;DA;PREVIDÊNCIA;SOCIAL;-;GPS;T;:;;;;;;;;;;;;;;;;
:;5.;IDENTIFICADOR;|;151.775.;690/0004-34;;;;;;;;;;;;;;;;;;;;
1.;NOME;OU;RAZÃO;SOCIAL/FONE/ENDEREÇO;S;6.;VALORES;DO;INSS;:;3,214,16;WI;;;;;;;;;;;;;
FURUKAWA;INDUSTRIAL;S;A;PRODUTOS;ELETRICOS;3____________'__;';;;;;;;;;;;;;;;;;;
TELEFONE:;2105163905;7.;!;';';;;;;;;;;;;;;;;;;;;;
RRIO;BRANCO,45/SALA;1209;-;CENTRO;CEP:;20090-003;RIO;DE;JANEIRO;RJ;8;';|;';"""";";";;;;;;;;;
—;—;ATAAAT];—;-;-;——;O<RTO;SEA;|;;;;;;;;;;;;;;;;
2.;VENCIMENTO;9.;VALORES;DE;OUTRAS;!;;;;;;;;;;;;;;;;;;;
(Uso;exclusivo;do;INSS);,;ENTIDADES;l;655,09;;;;;;;;;;;;;;;;;;
'[ATENÇÃO:;É;vedada;a;utilização;de;GPS;para;recolhimento;de;receita;de;valor;—;[10.;ATM/MULTA;E;';|;;;;;;;
inferior;ao;estipulado;em;Resolução;publicada;pelo;INSS.;A;receita;que;resultar;JUROS;';;;;;;;;;;;;
T;valor;inferior;deverá;ser;adicionada;à;contribuição;ou;importancia;correspondente;;;;;;;;;;;;;;;
nos;meses;subseqientes,;até;que;o;total;seja;igual;ou;superior;ao;valor;mínimo;D;;;;;;;;;;;
fixado.;;;;;;;;;;;;;;;;;;;;;;;;;
"""";11.;TOTAL;3.869,25;;;;;;;;;;;;;;;;;;;;;;
|[;'Obs;.;:;Nº;de;contribuintes:;2;12.;AUTENTICAÇÃO;BANCÁRIA;;;;;;;;;;;;;;;
|;:;—;2ºvia;;;;;;;;;;;;;;;;;;;;;;
EADIÇGOSPR;DOSCI443i;100407;3.849,25C;GPSDIKW;;;;;;;;;;;;;;;;;;;;;
..í_———_—E_n;M——__———_—___——__&———_————ª_—_ª*';;;;;;;;;;;;;;;;;;;;;;;;
”;1R;WesecesruesvencenteseserAtememATATASAT;t;;;;;;;;;;;;;;;;;;;;;;
3;S;MINISTÉRIO;DA;PREVIDÊNCIA;E;ASSISTÊNCIA;SOCIAL-MPAS;|3-;CÓDIGO;DE;2100;';*;a;;;;;;;;;;;
”;áfª?;INSTITUTO;NACIONAL;DO;SEGURO;SOCIAL-INSS;Y;PAGAMENTO;-;;;;;;;;;;;;;;;;
-;4;:;.;4.,;COMPETÊNCIA;03/2007;;;;;;;;;;;;;;;;;;;
';menecascam;—;GUIA;DA;PREVIDÊNCIA;SOCIAL;-;GPS;—;—o—coco——————;;;;;;;;;;;;;;;
f;5.;IDENTIFICADOR;51.775.690/0006-04;;;;;;;;;;;;;;;;;;;;;;
T1.;NOME;OU;RAZÃO;SOCIAL/FONE/ENDEREÇO;6.;VALORES;DO;INSS;"""";1.512,85;;;;;;;;;;;;;;;
.;FURUKAWA;INDUSTRIAL;S;AÀA;PRODUTOS;ELET);RICOS;"""-";;;;;;;;;;;;;;;;;
!;TELEFONE:;5103375533;7T.;;;;;;;;;;;;;;;;;;;;;;
RUA;ERNESTO;FONTOURA,;1479;/;SALA;801;-;SÃO;GERALDO;CEP:;90230-180;PORTO;-;-;"""";;;;;;;;;;
,;ALEGRERS;/;;;;;;;;;;;;;;;;;;;;;;;
2.;VENCIMENTO;!;T]9.;VALORES;DE;OUTRAS;;;;;;;;;;;;;;;;;;;
(Uso;exclusivo;do;INSS);ENTIDADES;|;303,79;;;;;;;;;;;;;;;;;;;
ATENÇÃO:;É;vedada;a;utilização;de;GPS;para;recolhimento;de;receita;de;valor;[10.;ATMIMULTAE;;;;;;;;;;;
inferior;ao;estipulado;em;Resolução;publicada;pelo;INSS.;A;receita;que;resultar;JUROS;;;;;;;;;;;;;
valor;inferior;deverá;ser;adicionada;à;contribuição;ou;importancia;correspondente;.;;;;;;;;;;;;;;;
nos;meses;subseqiuentes,;até;que;o;total;seja;igual;ou;superior;ao;valor;mínimo;—;o;;;;;;;;;;
fixado.;;;;;;;;;;;;;;;;;;;;;;;;;
:;1.816,64;;;;;;;;;;;;;;;;;;;;;;;;
-;';.;-;A;.;Ú;;;;;;;;;;;;;;;;;;;
Obs;.;:;Nº;de;contribuintes:;1;';12.;AUTENTICAÇÃO;BANCÁRIA;;;;;;;;;;;;;;;
TTN;0Oti;SESCI4439i;100407;1.814,64C;GPSUDIN;;;;;;;;;;;;;;;;;;;;
T;-;—;MINISTÉRIODAPREVIDÊNCIAE;ASSISTÊNCIASOCIAL-MPAS;|*;CÓDIGODE-;—;_;;;;;;;;;;;;;;;;;
';âªª;INSTITUTO;NACIONAL;DO;SEGURO;SOCIAL-INSS;PAGAMENTO;_;—;;;;;;;;;;;;;;;;
QEA;.;4.;COMPETÊNCIA;"""03/2007";;;;;;;;;;;;;;;;;;;;;
|;mensasoos;—;GUIA;DA;PREVIDÊNCIA;SOCIAL;-;GPS;——;n;";";;;;;;;;;;;;;;
";";|;á;&.;IDENTIFICADOR;51.775.690/001;1-63;;;;;;;;;;;;;;;;;;;
"""";e;|;e;|;;;;;;;;;;;;;;;;;;;;;
(|;1.;NOME;OU;RAZÃO;SOCIALIFONE/ENDEREÇO;—;6;vALORESDOINSS;1.584,13;;;;;;;;;;;;;;;;
:;FURUKAWA;INDUSTRIAL;S;A;PRODUTOS;ELETRICOS;';;;;;;;;;;;;;;;;;;
*;TELEFONE:;3134277233;7.;o;;;;;;;;;;;;;;;;;;;;;
';AVANTONIO;ABRAO;CARAM,430/SL;104;-;PAMPULHA;CEP:;31275-000;BELO;!;=——;!;;;;;;;;;;;;;
«.;HORIZONTE;MG;J;8.;|;;;;;;;;;;;;;;;;;;;;
2.;VENCIMENTO;:;';9.;VALORES;DE;OUTRAS;';';;;;;;;;;;;;;;;;
(Uso;exclusivo;do;INSS);||;ENTIDADES;321,77.;.;;;;;;;;;;;;;;;;;;
,;—;D;.;—;';"""";;;;;;;;;;;;;;;;;;;
ATENÇÃO:;É;vedada;a;utilização;de;GPS;para;recolhimento;de;receita;de;valor;|);10.;ATM/MULTA;E;';";";;;;;;;
inferior;ao;estipulado;em;Resolução;publicada;pelo;INSS,;A;receita;que;resultar;—;||;JUROS;;;;;;;;;;;
valor;inferior;deverá;ser;adicionada;à;contribuição;ou;importancia;correspondente;|:;=S;;;;;;;;;;;;;;
nos;meses;subseqúuentes,;até;que;o;total;seja;igual;ou;superior;ao;valor;mínimo;|.;:;:;|;;;;;;;;
fixado.;.;—;;;;;;;;;;;;;;;;;;;;;;;
11.;TOTAL;1.905,90;|,;;;;;;;;;;;;;;;;;;;;;;
Obs;.;:;Nº;de;contribuintes:;1;o;|;12.;AUTENTICAÇÃO;BANCÁRIA;|;;;;;;;;;;;;;
1);;;;;;;;;;;;;;;;;;;;;;;;;
|;-;2º;viaj_-;;;;;;;;;;;;;;;;;;;;;;
AITANGOLO;SOSCIA431;100407;1.905,78C;GFSGIKN;;;;;;;;;;;;;;;;;;;;;
—;MINISTÉRIO;DA;PREVIDÊNCIA;E;ASSISTÊNCIA;SOCIAL-MPAS;|3.;CÓDIGO;DE;_;';;;;;;;;;;;;;;
ª.ª?;:;—;INSTITUTO;NACIONAL;DO;SEGURO;SOCIAL-INSS;PAGAMENTO;;;;;;;;;;;;;;;;;
ESA;-;4.;COMPETÊNCIA;04/2007;|;;;;;;;;;;;;;;;;;;;;
];aúnaesscow;—;GUIA;DA;PREVIDÊNCIA;SOCIAL;-;GPS;——;—;—;';;;;;;;;;;;;;
2a;,;5,;IDENTIFICADOR;51.7785.690/0001-91;;;;;;;;;;;;;;;;;;;;;
1:;NOME;OU;RAZÃO;SOCIAL/FONE/ENDEREÇO;o;"""";T6;VALORESDOINSS;|;—;35924949;|;;;;;;;;;;;;;
];FEURUKAWA;INDUSTRIAL;SA;PRODUTOS;ELETRICOS;—;À;—;;;;;;;;;;;;;;;;;
TELEFONE:;4103414160;7.;i;;;;;;;;;;;;;;;;;;;;;;
|;RUA;HASDRUBAL;BELLEGARD,820/;-;CIDADE;INDUSTRIAL;CEP:;81460-120;CURITIBA;8;—;——;;;;;;;;;;;;;
|;PR;.;;;;;;;;;;;;;;;;;;;;;;;
a;”;.;.;,_;;;;;;;;;;;;;;;;;;;;;
2.;VENCIMENTO;il;9.;VALORES;DE;OUTRAS;:;;;;;;;;;;;;;;;;;;
(Uso;exclusivo;do;INSS);|;ENTIDADES;39.214,65.;;;;;;;;;;;;;;;;;;;
';(|;ATENÇÃO:;É;vedada;a;utilização;de;GPS;para;recolhimento;de;receita;de;valor;|10.;ATM/MULTA;E;"""";;;;;;;
Tinferior;ao;estipulado;em;Resolução;publicada;pelo;INSS.;A;receita;que;resultar;JUROS;;;;;;;;;;;;;
valor;inferior;deverá;ser;adicionada;à;contribuição;ou;importancia;correspondente;;;;;;;;;;;;;;;;
nos;meses;subseqientes,;até;que;o;total;seja;igual;ou;superior;ao;valor;mínimo;|;—;|;;;;;;;;;
fixado.;;;;;;;;;;;;;;;;;;;;;;;;;
I;:;|;11.;TOTAL;398.464,14;;;;;;;;;;;;;;;;;;;;
|;.Obs;.;:;Nº;de;contribuintes:;344;"""";12.;AUTENTICAÇÃO;BANCÁRIA;;;;;;;;;;;;;;
|;-;;;;;;;;;;;;;;;;;;;;;;;;
|;2;.;2º;via;;;;;;;;;;;;;;;;;;;;;
EINIOICA;VBS2JA4DA;100507;—;cG9u/ab4,;140;GPSÓIM;;;;;;;;;;;;;;;;;;;
ee;-;—;;;;;;;;;;;;;;;;;;;;;;;
”;"""";;;;;;;;;;;;;;;;;;;;;;;;
[;—;—;MINISTÉRIODAPREVIDÊNCIAE;ASSISTÊNCIA;SOCIAL-MPAS;3.;CÓDIGODE;-;';_;;;;;;;;;;;;;;;
|-;á'ª?;INSTITUTO;NACIONAL;DO;SEGURO;SOCIAL-INSS;PAGAMENTO;_;;;;;;;;;;;;;;;;;
|;A;-;4.;COMPETÊNCIA;04/2007;;;;;;;;;;;;;;;;;;;;
||;PREVDONCA;S0GA.;GUIA;DA;PREVIDÊNCIA;SOCIAL;-;GPS;:;—;;;;;;;;;;;;;;;
5.;IDENTIFICADOR;51.775.690/0003-53;;;;;;;;;;;;;;;;;;;;;;;
1.;NOME;OU;RAZÃO;SOCIALFONE/ENDEREÇO;8.;VALORES;DO;INSS;m;;;;;;;;;;;;;;;;
';FURUKAWA;INDUSTRIAL;S;AÀA;PRODUTOS;ELETRICOS;f;:;;;;;;;;;;;;;;;;;
"""";AV;DAS;NACOES;UNIDAS,;11633;/;14;ANDAR;-;BROOKLIN;NOVO;CEP:;04578-901;SÃO;:F;:;-;"""";;;;;;;
PAULO;SP;:;s;o;:;;;;;;;;;;;;;;;;;;;;
2.;VENCIMENTO;—;"""";)9;VALORES;DE;OUTRAS|;|;';;;;;;;;;;;;;;;;
(Uso;exclusivo;do;INSS);||;ENTIDADES;mo;4.135,40;';;;;;;;;;;;;;;;;;
[;ATENÇÃO:;É;vedada;a;utilização;de;GPS;para;recolhimento;de;receita;de;valor;[|10.;ATMIMULTA;E;!;"""";';:;;;;;
|;inferior;ao;estipulado;em;Resolução;publicada;pelo;INSS.;A;recelta;que;resultar;|';JUROS;';;;;;;;;;;
);valor;inferior;deverá;ser;adicionada;à;contribuíção;ou;importancia;correspondente;,;|';|;1;|;;;;;;;;;;
|;nos;meses;subseqientes,;até;que;o;total;seja;igual;ou;superior;ao;valor;mínimo;|;|;|;"""";:;;;;;;
fixado.;..;-;|;;;;;;;;;;;;;;;;;;;;;;
:;o;,;11.;TOTAL;*;67.841,02;;;;;;;;;;;;;;;;;;;
Obs;.;:;Nº;de;contribuintes:;20;NS;42.;AUTENTICAÇÃO;BANCÁRIA;;;;;;;;;;;;;;;
).;';:;2ºvia;;;;;;;;;;;;;;;;;;;;;;
CEIMIOI2L;SHSC34431;100507;67.;24;,;UAR;tiBTTA;;;;;;;;;;;;;;;;;;
—;T;—;MNISTÉRIODAPREVIDÊNCIAE;ASSISTÊNCIASOCIAL-MPAS,;3.CcÓDIGODE;—;—;|2700;|;;;;;;;;;;;;;;;;
:;&3;INSTITUTO;NACIONAL;DO;SEGURO;SOCIAL-INSS;";";—;PAGAMENTO;——;:;;;;;;;;;;;;;;
";";[;ÊE;.;o;);4.;COMPETÊNCIA;);04/2007;,;;;;;;;;;;;;;;;
';'pevnheascas;*;GUIA;DA;PREVIDÊNCIA;SOCIAL-GPS;.;-;—;';;;;;;;;;;;;;;;
:;';P;JS.;IDENTIFICADOR;'];571.775.690/0004-34;;;;;;;;;;;;;;;;;;;
1.;NOME;OU;RAZÃO;SOCIALFONE/ENDEREÇO;|;"""";'T6.;VALORES;DOINSS;||;"""";323450;;;;;;;;;;;;;
FURUKAWA;INDUSTRIAL;S;A;PRODUTOS;ELETRICOS;—;;;;;;;;;;;;;;;;;;;
TELEFONE:;2105163905;7.;,;';"""";|:;;;;;;;;;;;;;;;;;;;
R.RIO;BRANCO,45/SALA;1209;-;CENTRO;CEP:;20090-003;RIO;DE;JANEIRO;RJ;B;,;ESA;À;;;;;;;;;;;
2.;VENCIMENTO;|;s;9.;VALORES;DE;OUTRAS),;);;;;;;;;;;;;;;;;;
(Uso;exclusivo;do;INSS);ENTIDADES;—;';655,09:;;;;;;;;;;;;;;;;;;
ATENÇÃO:;É;vedada;a;utilização;de;GPS;para;recolhimento;de;receita;de;valor;-;|;10.;ATM/MULTA;E;';NS;";";;;;;
!;inferior;ao;estipulado;em;Resolução;publicada;pelo;INSS.;A;receita;que;resultar;JUROS;|;;;;;;;;;;;
valor;inferior;deverá;ser;adicionada;à;contribuição;ou;importancia;correspondente;;;;;;;;;;;;;;;;
nos;meses;subseqientes,;até;que;o;total;seja;igual;ou;superior;ao;valor;mínimo;|;;;;;;;;;;;
fixado.;|;Y;';;;;;;;;;;;;;;;;;;;;;;
aco;11.;TOTAL;3.889,59;;;;;;;;;;;;;;;;;;;;;;
Obs;.;:;Nº;de;contribuintes:;2;*;"""";12.;AUTENTICAÇÃO;BANCÁRIA|;;;;;;;;;;;;;;
|;|;|;|;2º;via;;;;;;;;;;;;;;;;;;;;
ITRSIPO;S85234421;109507;3.287,59C;GPSHIM;;;;;;;;;;;;;;;;;;;;;
!;:;MINISTÉRIO;DA;PREVIDÊNCIA;E;ASSISTÊNCIA;SOCIAL-MPAS;|3:;CÓDIGO;DÊ;';logoo;Tc;;;;;;;;;;;;
1;éâ?;INSTITUTO;NACIONAL;DO;SEGURO;SOCIAL-INSS;PAGAMENTO;N;——;—;;;;;;;;;;;;;;;
';em;.;';4a.;COMPETÊNCIA;,;|;04/2007;";";;;;;;;;;;;;;;;;
n;1;.;-;2;T;“n;n;ceeims;—;.;e;?;º;o;...;,;;;;;;;;;
revrascam;—;GUIA;DA;PREVIDÊNCIA;SOCIAL;-;GPS;.;ES;m;s;ee;UsA;EN;:;;;;;;;;;;
1;5.;IDENTIFICADOR;'51.775,690/0006-04;';';;;;;;;;;;;;;;;;;;;;
1.;NOME;OU;RAZÃO;SOCIAUFONEÍENDEREÇO;o;6.;VALORÉS;DO;INSS;1.523,02;|;:;;;;;;;;;;;;;
FURUKAWA;INDUSTRIAL;S;A;PRODUTOS;ELETRICOS;|;2;—;,;;;;;;;;;;;;;;;;
TELEFONE:;5103375593;7T.;";";;;;;;;;;;;;;;;;;;;;;;
RUA;ERNESTO;FONT;OURA,;1479;/;SALA;801;-;SAO;GERALDO;CEP:;90230-180;PORTO;|;"""";;;;;;;;;;
:;ALEGRERS;|;:;8.;;;;;;;;;;;;;;;;;;;;;
||;2.;VENCIMENTO;7;—;g;vALORES;DE;OUTRAS;e;';;;;;;;;;;;;;;;
'|;(Uso;exclusivo;do;INSS);-;|;ENTIDADES;";";303,79;;;;;;;;;;;;;;;;
W;ee;';—;.;..;—;.;"""";;;;;;;;;;;;;;;;;
ATENÇÃO:;É;vedada;a;utilização;de;GPS;para;recolhimento;de;receita;de;valor;:;10.;ATMMULTA;E';À;R;:;;;;;;
,;inferior;ao;estipulado;em;Resolução;publicada;pelo;INSS.;À;receita;que;resultar;';|:;JUROS;.;iV;;;;;;;;
valor;inferior;deverá;ser;adicionada;à;contribuição;ou;importancia;correspondente;|';!;|;;;;;;;;;;;;;
nos;meses;subseqúentes,;até;que;o;total;seja;igual;ou;superior;ao;valor;mínimo;—;|;:;:;';';;;;;;
fixado..;:;*;;;;;;;;;;;;;;;;;;;;;;;
"""";|;11.;TOTAL;';1.826,81;;;;;;;;;;;;;;;;;;;;
Obs;.;";";Nº;de;contribuintes:;1;o;';|;12.;AUTENTICAÇÃO;BANCÁRIA;“;;;;;;;;;;;;
MTENO!;17;SesP24430;160507;LRAA;GPSDLN.;;;;;;;;;;;;;;;;;;;;
N;MINISTÉRIO;DA;PREVIDÊNCIA;E;ASSISTÊNCIA;SOCIAL-MPAS;'|;3.;CÓDIGO;DE;...;];2100;|;";";;;;;;;;;;
"""";áªª;INSTITUTO;NACIONAL;DO;SEGURO;SOCIAL-INSS;);PAGAMENTO;—;d;—;——;i;;;;;;;;;;;;
).;EZ;:;.;]J4.;COMPETÊNCIA;.;—;|;04/2007.;";";;;;;;;;;;;;;;;
mee;—;GUIA;DA;PREVIDÊNCIA;SOCIAL;-;GPS;——;——;—;';;;;;;;;;;;;;;
"""”";o;|.;IDENTIFICADOR;|;51.775.690/0011-63;|;;;;;;;;;;;;;;;;;;;
7.;NOME;OU;RAZÃO;SOCIALIFONE/ENDEREÇO;:;6.;VALORES;DO;INSS;—;m;";";;;;;;;;;;;;;
FURUKAWA;INDUSTRIAL;S;A;PRODUTOS;ELETRICOS;:;:;;;;;;;;;;;;;;;;;;
TELEFONE:;3134277233;7.;';;;;;;;;;;;;;;;;;;;;;;
AV;ANTONIO;ABRÃAO;CARAM,430/SL;104;-;PAMPULHA;CEP:;31275-000;BELO;';';;;;;;;;;;;;;;
HORIZONTE;MG;8.;;;;;;;;;;;;;;;;;;;;;;;
——;=—;——;|;-;-;—;;;;;;;;;;;;;;;;;;;
2.;VENCIMENTO;9.;VALORES;DE;OUTRAS;;;;;;;;;;;;;;;;;;;;
(Uso;exclusivo;do;INSS);ENTIDADES;307,50;;;;;;;;;;;;;;;;;;;;
TATENÇÃO:;É;vedada;a;utilização;de;GPS;para;recolhimento;de;receita;de;valor;—;[10.;ATM/MULTA;E;"""";';;;;;;;
inferior;ao;estipulado;em;Resolução;publicada;pelo;INSS.;À;receita;que;resultar;JUROS;=;;;;;;;;;;;;
|;valor;inferior;deverá;ser;adicionada;à;contribuição;ou;importancia;correspondente;;;;;;;;;;;;;;;
|;nos;meses;subseqientes,;até;que;o;total;seja;igual;ou;superior;ao;valor;mínimo;;;;;;;;;;;
fixado.;.;;;;;;;;;;;;;;;;;;;;;;;;
d;,;|;,;1.845,26;;;;;;;;;;;;;;;;;;;;;
|;obs;.;:;Nº;de;contribuíntes:;1;o;12.;AUTENTICAÇÃO;BANCÁRIA;;;;;;;;;;;;;;
1;|;-;|;2;via;;;;;;;;;;;;;;;;;;;;
:;LTAVNGILLG;SESS24491;100507;4;E44,7260;GFSDIN;;;;;;;;;;;;;;;;;;;
«.;—;MINISTÉRIODA;PREVIDÊNCIA;E;ASSISTÊNCIA;SOCIAL-MPAS;|3.;CÓDIGO;DE;2100;:;';;;;;;;;;;;;;
_;â&?;«;—;INSTITUTO;NACIONAL;DO;SEGURO;SOCIAL-INSS;PAGAMENTO;-;.;.;;;;;;;;;;;;;
QiA;.;4.;COMPETÊNCIA;05/2007;:;;;;;;;;;;;;;;;;;;;;
renmaeasoas;—;GUIA;DA;PREVIDENCIA;SOCIAL;-;GPS;»;——;;;;;;;;;;;;;;;;
5.;IDENTIFICADOR;81.778.690/0001-91;';;;;;;;;;;;;;;;;;;;;;;
1.;NOME;OU;RAZÃO;SOCIAL/FONE/ENDEREÇO;6.;VALORES;DO;INSS;391.925,52;;;;;;;;;;;;;;;;
—;FURUKAWA;INDUSTRIAL;S;A;PRODUTOS;ELETRICOS;z;-;:;:;:;;;;;;;;;;;;;;
TELEFONE:;4103414160;;;;;;;;;;;;;;;;;;;;;;;;
—;RUA;HASDRUBAL;BELLEGARD,820;/;-;CIDADE;INDUSTRIAL;CEP:;81460-120;CURITIBA;;;;;;;;;;;;;;;
PR;;;;;;;;;;;;;;;;;;;;;;;;;
2.;VENCIMENTO;9.;VALORESDE;OUTRAS||||;:;;;;;;;;;;;;;;;;;;;;
(Uso;exclusivo;do;INSS);ENTIDADES;*;44,128,66;;;;;;;;;;;;;;;;;;;
,;ATENÇÃO:;É;vedada;a;utilização;de;GPS;para;recolhimento;de;receita;de;valor;[;10.;ATM/MULTA;E;;;;;;;;
inferior;ao;estipulado;em;Resolução;publicada;pelo;INSS.;A;receita;que;resultar;JUROS;;;;;;;;;;;;;
valor;inferior;deverá;ser;adicionada;à;contribuição;ou;importancla;correspondente;;;;;;;;;;;;;;;;
nos;meses;subseqiientes,;até;que;o;total;seja;igual;ou;superior;ao;valor;mínimo;;;;;;;;;;;;
fixado.;7;|;|;;;;;;;;;;;;;;;;;;;;;;
,;11.;TOTAL;436.054,18;;;;;;;;;;;;;;;;;;;;;;
Obs;.;:;Nº;de;contribuíntes:;350;|;12.;AUTENTICAÇÃO;BANCÁRIA;;;;;;;;;;;;;;;
";";:;2º;via:;;;;;;;;;;;;;;;;;;;;;;
õ;DIN;;;;;;;;;;;;;;;;;;;;;;;;
LEIAUIGA;ÃA;SOSPS4435;110607;436.054,;180;GPS;;;;;;;;;;;;;;;;;;;
.;MINISTÉRIO;DA;PREVIDÊNCIA;E;ASSISTÊNCIA;SOCIAL-MPAS;|3.;CÓDIGO;DE;2100;;;;;;;;;;;;;;;
fãa;INSTITUTO;NACIONAL;DO;SEGURO;SOCIAL-INSS;PAGAMENTO;;;;;;;;;;;;;;;;;;;
AN;.;2;4.;COMPETÊNCIA;'05/2007;;;;;;;;;;;;;;;;;;;;
renmecasooa;—;GUIA;DA;PREVIDENCIA;SOCIAL;-;GPS;—;—;-;“;——;—;—;;;;;;;;;;;
&5.;IDENTIFICADOR;87,775.690/0003-53;--;;;;;;;;;;;;;;;;;;;;;;
4.;NOME;OU;RAZÃO;SOCIAUFONE/ENDEREÇO;6.;VALORES;DOINSS;|;=;—;561;34,75;;;;;;;;;;;;;
FURUKAWA;INDUSTRIAL;SA;PRODUTOS;ELETRICOS;*;-;1;;;;;;;;;;;;;;;;;;
TELEFONE:;115515717;I;;;;;;;;;;;;;;;;;;;;;;;
AV;DAS;NACOES;UNIDAS,;11633;/;14;ANDAR;-;BROOKLIN;NOVO;CEP:;04578-901;SÃO;o;i;";";I;;;;;;;;
|;PAULO;SP;';E;ASNNA;;;;;;;;;;;;;;;;;;;;
2.;VENCIMENTO;"""";9.;VALORES;DE;OUTRAS;;;;;;;;;;;;;;;;;;;
*;(Uso;exclusivo;do;INSS);ENTIDADES;i;58.859,79;;;;;;;;;;;;;;;;;;
1;ATENÇÃO:;É;vedada;a;utilização;de;GPS;para;recolhimento;de;recelta;de;valor;-;[10.;ATM/MULTA;E;:;NN;;;;;;
º;inferior;ao;estipulado;em;Resolução;publicada;pelo;INSS.;A;receita;que;resultar;|/;—;JUROS;;;;;;;;;;
valor;inferior;deverá;ser;adicionada;à;contribuição;ou;importancia;correspondente;|;';;;;;;;;;;;;;;
nos;meses;subsequentes,;até;que;o;total!;seja;igual;ou;superior;ao;valor;mínimo;f;o;';;;;;;;;;
fixado.;=;—;|;;;;;;;;;;;;;;;;;;;;;;
ixado;11.;TOTAL;";";61.994,54;;;;;;;;;;;;;;;;;;;;;
Obs;.;:;Nº;de;contribuintes:;19;';12.;AUTENTICAÇÃO;BANCÁRIA;;;;;;;;;;;;;;;
c;.;2º;vial;;;;;;;;;;;;;;;;;;;;;;
£.994,54L;GPSDIN;;;;;;;;;;;;;;;;;;;;;;;;
mermOiis;Sesesaaai;110407;6i;79;;;;;;;;;;;;;;;;;;;;;
——;;;;;;;;;;;;;;;;;;;;;;;;;
.;—;MINISTÉRIO;DA;PREVIDÊNCIA;E;ASSISTÊNCIA;SOCIAL-MPAS;|3.;CÓDIGO;DE;2900;V;;;;;;;;;;;;;
>;"?;SB";INSTITUTO;NACIONAL;DO;SEGURO;SOCIAL-INSS;--;PAGAMENTO;:;""")";;;;;;;;;;;;;;;
);A;.;';4.;COMPETÊNCIA;:05/2007;d;;;;;;;;;;;;;;;;;;
||;mentwascar;—;GUIA;DA;PREVIDÊNCIA;SOCIAL;-;GPS;';';——;|;|;;;;;;;;;;;;
!;"""";ec;.;&.;IDENTIFICADOR;81.775.690/0004-34;";";;;;;;;;;;;;;;;;;;
]t.;NOME;OU;RAZÃO;SOCIAUFONE/ENDEREÇO;T6.;VALORES;DO;|NSS;5.675,83;|;;;;;;;;;;;;;;;
'|;FURUKAWA;INDUSTRIAL;S;A;PRODUTOS;ELETRICOS;";";|;—;;;;;;;;;;;;;;;;
'Tf;TELEFONE:;2105163905;7T.;;;;;;;;;;;;;;;;;;;;;;
";";T;RRIO;BRANCÇO,457/SALA;1209;-;CENTRO;CEP:;20090-003;RIO;DE;JANEIRO;RJ;|;_—;;;;;;;;;;;
1;—;|2;VENCIMENTO;';9.;VALORES;DE;OUTRAS;|;;;;;;;;;;;;;;;;
V;.T;(Uso;exclusivo;do;INSS);';ENTIDADES;mT;1.321,18;;;;;;;;;;;;;;;;
i>;ATENÇÃO:;É;vedada;a;utilização;de;GPS;para;recolhimento;de;receita;de;valor;—;[10.;ATM/MULTA;E;";";;;;;;;
|;inferior;ao;estipulado;em;Resolução;publicada;pelo;INSS.;A;receita;que;resultar;JUROS;";";.;;;;;;;;;;
valor;inferior;deverá;ser;adicionada;à;contribuição;ou;importancia;correspondente;";";;;;;;;;;;;;;;;
nos;meses;subsequentes,;até;que;o;total;seja;igual;ou;superior;ao;valor;mínimo;|;-);"""";|;:;!;;;;;;
fixado.;11.;TOTAL;7.197,01;;;;;;;;;;;;;;;;;;;;;;
);Obs;.;:;Nº;de;contribuintes:;2;';Ú;|;|;12.;AUTENTICAÇÃO;BANCÁRIA;;;;;;;;;;;
J;-;.;"""";2º;vi.'J|;;;;;;;;;;;;;;;;;;;;
EIIAVIVLiá;SOSCI4434;110607;7.197,601C;GPSDIN;;;;;;;;;;;;;;;;;;;;;
——;;;;;;;;;;;;;;;;;;;;;;;;;
|.;MINISTÉRIO;DA;PREVIDÊNCIA;E;ASSISTÊNCIA;SOCIAL-MPAS;|3.;CÓDIGO;DE;2100;E;;;;;;;;;;;;;;
Áª?;*;—;INSTITUTO;NACIONAL;DO;SEGURO;SOCIAL-INSS;PAGAMENTO;;;;;;;;;;;;;;;;;
ENA;.;4.;COMPETÊNCIA;'05/2007;;;;;;;;;;;;;;;;;;;;;
*;memamsoos;—;GUIA;DA;PREVIDENCIA;SOCIAL;-;GPS;—;-;,;;;;;;;;;;;;;;
:;U;5.;IDENTIFICADOR;51.775.690/0006-04;|;;;;;;;;;;;;;;;;;;;;
d;1.;NOME;OU;RAZÃO;SOCIALIFONE/ENDEREÇO;6.;VALORES;DO;INSS;2.704,64;|;;;;;;;;;;;;;;
:);FURUKAWA;INDUSTRIAL;SA;PRODUTO_S;ELETRICOS;';i;-;.;;;;;;;;;;;;;;;;
'|;TELEFONE:;5103375533;7.;o;|;;;;;;;;;;;;;;;;;;;;
T;RUA;ERNESTO;FONTOURA,;1479;/;SALA;801;-;SAO;GERALDO;CEP:;90230-180;PORTO;-;';V;;;;;;;;;
']2.;VENCIMENTO;";";9.;VALORES;DE;OUTRAS;L;;;;;;;;;;;;;;;;;;
';(Uso;exclusivo;do;INSS);—;“;ENTIDADES;60717,76;Í;";";;;;;;;;;;;;;;;
';T;ATENÇÃO:;É;vedada;a;utilização;de;GPS;para;recolhimento;de;receita;de;valor;—;|;10.;ATMIMULTA;E;"LÍ;";;;;;
F;inferior;ao;estipulado;em;Resolução;publicada;pelo;INSS.;À;receita;que;resultar;JUROS;|;;;;;;;;;;;
valor;inferior;deverá;ser;adicionada;à;contribuição;ou;importancia;correspondente;.;;;;;;;;;;;;;;;
nos;meses;subseqientes,;até;que;o;total;seja;igual;ou;superior;ao;valor;mínimo;';|;;;;;;;;;;
fixado.;|;:;-;:;;;;;;;;;;;;;;;;;;;;;
';2;|11.TOTAL;3.306,40;|;;;;;;;;;;;;;;;;;;;;;
:|;Obs;.;:;Nº;de;contribuintes:;1;"""";72.;AUTENTICAÇÃO;BANCÁRIA;|';;;;;;;;;;;;;
"""";2º;via!;;;;;;;;;;;;;;;;;;;;;;;
CMTANOGLIy;SESRISSA3Í;119607;3.204,;405;GPSDIN.;;;;;;;;;;;;;;;;;;;;
“;MINISTÉRIO;DA;PREVIDÊNCIA;E;ASSISTÊNCIA;SOCIAL-MPAS;3:;CÓDIGO;DE;_;;;;;;;;;;;;;;;
&“ª;INSTITUTO;NACIONAL;DO;SEGURO;SOCIAL-INSS;—PAGAMENTO;;;;;;;;;;;;;;;;;;;
xrínesiscas;—;GUIA;DA;PREVIDÊNCIA;SOCIAL;-;GPS;—;—;;;;;;;;;;;;;;;;
1;';5,;IDENTIFICADOR;51.775.690/0011-63;;;;;;;;;;;;;;;;;;;;;
1:;NOME;OU;RAZÃO;SOCIAL/IFONE/ENDEREÇO;|;6.;VALORES;DO;INSS;2227,77;-;;;;;;;;;;;;;;
];FURUKAWA;INDUSTRIAL;S;A;PRODUTOS;ELETRICOS;:;|;;;;;;;;;;;;;;;;;
||;AVANTONIO;ABRAO;CARAM,430/SL;104;-;PAMPULHA;CEP:;31275-000;BELO;;;;;;;;;;;;;;;;
||;HORIZONTE;MG;o;;;;;;;;;;;;;;;;;;;;;;
'];2.;VENCIMENTO;";";9.;VALORES;DE;OUTRAS;Ú;"""";;;;;;;;;;;;;;;;
I';(Uso;exclusivo;do;INSS);ENTIDADES;";";481,50;|,;;;;;;;;;;;;;;;;;
.;ATENÇÃO:;É;vedada;a;utilização;de;GPS;para;recolhimento;de;receita;de;valor;—;|;10.;ATM/MULTA;E;T;';;;;;
|;inferior;ao;estipulado;em;Resolução;publicada;pelo;INSS.;À;receita;que;resultar;JUROS;|;";";;;;;;;;;;
r;valor;inferior;deverá;ser;adicionada;à;contribuição;ou;importancia;correspondente;:;|;;;;;;;;;;;;;
nos;meses;subseqientes,;até;que;o;total;seja;igual;ou;superior;ao;valor;mínimo;,|;|.;|;;;;;;;;;
fixado.;7;:;=;|;;;;;;;;;;;;;;;;;;;;;
Obs;.;:;Nº;de;contribuintes:;1;2.;AUTENTICAÇÃO;BANCÁRIA;|;;;;;;;;;;;;;;;
|;:;|;|;2º;Via;;;;;;;;;;;;;;;;;;;;
COTEMOALG;SBSC34491i;1106807;a;765,270;GESVLH;;;;;;;;;;;;;;;;;;;;
?;:;o;"""";:;y;;;;;;;;;;;;;;;;;;;;
o;o;:;es;N;glld;;;;;;;;;;;;;;;;;;;;
&&;—;MINISTÉRIODA;PREVIDÊNCIAE;ASSISTÊNCIA;SOCIAL-MPAS;|$;CÓDIGO;DE;2100;Í;;;;;;;;;;;;;;;
,;&ª?;INSTITUTO;NACIONAL;DO;SEGURO;SOCIAL-INSS;PAGAMENTO;RR;|;;;;;;;;;;;;;;;;
NA;.;|;4.;COMPETÊNCIA;1;06/2007;o;|;;;;;;;;;;;;;;;;;
rensencasoaa;—;GUIA;DA;PREVIDENCIA;SOCIAL;-;GPS-;J;—;oc;——;||;;;;;;;;;;;;;
—;,;5.;IDENTIFICADOR;51.775.690/0001-91;1;|;;;;;;;;;;;;;;;;;;;
1.;NOME;OU;RAZÃO;SOCIALFONE/ENDEREÇO;—;6.;VALORES;DO;INSS;341.473,53;|;|;;;;;;;;;;;;;
FURUKAWA;INDUSTRIAL;S;A;PRODUTOS;ELE;TRICOS;s;";";:;;;;;;;;;;;;;;;;
TELEFONE:;4103414160;7.;";";d;;;;;;;;;;;;;;;;;;;;;
RUA;HASDRUBAL;BELLEGARD,820;/;-;CIDADE;INDUSTRIAL;CEP:;81460-120;CURITIBA;"';";i;I;;;;;;;;;;;;;
:;PR;.;;;;;;;;;;;;;;;;;;;;;;;
2.;VENCIMENTO;9.;VALORES;DE;OUTRAS|;";";;;;;;;;;;;;;;;;;;;
(Uso;exclusivo;do;INSS);—;ENTIDADES;38.185,62;|,;;;;;;;;;;;;;;;;;;
ATENÇÃO:;É;vedada;a;utilização;de;GPS;para;recolhimento;de;receita;de;valor;—;|10.;ATM/IMULTA;E;:;—;.;!,;;;;;
inferior;ao;estipulado;em;Resolução;publicada;pelo;INSS.;A;receita;que;resultar:«;JUROS;;;;;;;;;;;;;
valor;inferior;deverá;ser;adicionada;à;contribuição;ou;importancia;correspondente;|1;;;;;;;;;;;;;;;
nos;meses;subseqiientes,;até;que;o;total;seja;igual;ou;superior;ao;valor;mínimo;—;|.;';,;;;;;;;;
fixado.;Fm;[;"""”";);;;;;;;;;;;;;;;;;;;;;
11.;TOTAL;379.659,15;;;;;;;;;;;;;;;;;;;;;;;
|;Obs;.;:Nº;de;contribuintes:;349;|;';12.;AUTENTICAÇÃO;BANCÁRIA;|:;;;;;;;;;;;;;
i,;|;2;via;;;;;;;;;;;;;;;;;;;;;;
[(;—;A;—;——;——;o;—n;*;e;e;a;o;——;R;ATTD;——;—A;F;TS;——;to;€mm;u;——A;À
l;;;;;;;;;;;;;;;;;;;;;;;;;
AIRNS10O0;SBSPI4434;100707;379;.659,15C;GFSVIH;;;;;;;;;;;;;;;;;;;;
—A;——;Mº_—'————-———__—'—————_'__—ª—ª—#-l——————;;;;;;;;;;;;;;;;;;;;;;;
-;';f';N;";";;;;;;;;;;;;;;;;;;;;;
T;—;MNISTÉRIODAPREVIDÊNCIAE;ASSISTÊNCIASOCIAL-MPAS;3.;CÓDIGO;DE;—;T2700;;;;;;;;;;;;;;;;;
";";&â?;INSTITUTO;NACIONAL;DO;SEGURO;SOCIAL-INSS;|;PAGAMENTO;—;;;;;;;;;;;;;;;;
];SZ;';.;4.;COMPETÊNCIA;:];06/2007;|;;;;;;;;;;;;;;;;;
||;samtasoas.;—;GUIA;DA;PREVIDÊNCIA;SOCIAL;-;GPS;.;:;';';:;';";";;;;;;;;;;
|;5&.;IDENTIFICADOR;1);51.775.690/0003-53;-;:;;;;;;;;;;;;;;;;;;;
—;t—;-;——;_______________._———-——-';-=;_-———_-_',;-;:;;;;;;;;;;;;;;;;;
'];1.;NOME;OU;RAZÃO;SOCIALIFONE/ENDEREÇO;—;g.;VALORES;DOINSS;|;46.055,26;|;;;;;;;;;;;;;
||!;FURUKAWA;INDUSTRIAL;S;A;PRODUTOS;ELETRICOS;:;';:;:;|;;;;;;;;;;;;;;
|';TELEFONE:;115515717;7.;"""";;;;;;;;;;;;;;;;;;;;;
';AV;DAS;NACOES;UNIDAS,;11633;/;14;ANDAR;-;BROOKLIN;NOVO;CEP:;04578-901;SAO;-;:;:;;;;;;;;
";";PAULOSP;*;';|;8.;;;;;;;;;;;;;;;;;;;;
2.;VENCIMENTO;9.;VALORES;DE;OUTRAS!|;;;;;;;;;;;;;;;;;;;;
(Uso;exclusivo;do;INSS);|;ENTIDADES;"I""";4.094,67;;;;;;;;;;;;;;;;;;
ATENÇÃO:;É;vedada;a;utilização;de;GPS;para;recolhimento;de;receita;devalor;|[10.;ATM/MULTA;E;f;EN;;;;;;;;;
inferior;ao;estipulado;em;Resolução;publicada;pelo;INSS.;A;receita;que;resultar;|;JUROS;';;;;;;;;;;;
valor;inferior;deverá;ser;adicionada;à;contribuição;ou;importancia;correspondente;;;;;;;;;;;;;;;;
nos;meses;subseqientes,;até;que;o;total;seja;igual;ou;superior;ao;valor;mínimo;o;"""";|;;;;;;;;;
fixado.;"""";;;;;;;;;;;;;;;;;;;;;;;;
11.;TOTAL;50.149,93;;;;;;;;;;;;;;;;;;;;;;;
Obs;.;:;Nº;de;contribuintes:;20;';12.;AUTENTICAÇÃO;BANCÁRIA;;;;;;;;;;;;;;;
o;2ºVia,;;;;;;;;;;;;;;;;;;;;;;;;
:;IIAÇi9A;SAS234435;100707;59.149,93C;GFSDIM;;;;;;;;;;;;;;;;;;;;
p;;;;;;;;;;;;;;;;;;;;;;;;;
h;;;;;;;;;;;;;;;;;;;;;;;;;
P;';';“;;;;;;;;;;;;;;;;;;;;;;
o;/;;;;;;;;;;;;;;;;;;;;;;;;
NE;MINISTÉRIO;DA;PREVIDÊNCIA;E;ASSISTÊNCIA;SOCIAL-MPAS;|3.;CÓDIGO;DE;—;2700;;;;;;;;;;;;;;
Éâ;—;—;INSTITUTO;NACIONAL;DO;SEGURO;SOCIAL-INSS;-;PAGAMENTO;—;—;,;,;;;;;;;;;;;;
QA;.;4.;COMPETÊNCIA;06/2007;;;;;;;;;;;;;;;;;;;;;
];menmseascas.;—;GUIA;DA;PREVIDÊNCIA;SOCIAL;-;GPS;-;-;;;;;;;;;;;;;;;
:;&.;IDENTIFICADOR;51.775.690/0004-34;;;;;;;;;;;;;;;;;;;;;;
.4.;NOME;OU;RAZÃO;SOCIAL/IFONE/ENDEREÇO;6.;VALORES;DO;INSS;3.121,55;;;;;;;;;;;;;;;;
FURUKAWA;INDUSTRIAL;S;À;PRODUTOS;ELETRICOS;;;;;;;;;;;;;;;;;;;;
,;TELEFONE:;2105163905;7.;,;;;;;;;;;;;;;;;;;;;;;
R.RIO;BRANCO,45/SALA;1209;-;CENTRO;CEP:;20090-003;RIO;DE;JANEIRO;RJ;8;:;;;;;;;;;;;;;
|;2-;VENCIMENTO;:;:;8.;VALORES;DE;OUTRAS;AEMO;;;;;;;;;;;;;;;;
|;(Uso;exclusivo;do;INSS);|;ENTIDADES;655,09;-;;;;;;;;;;;;;;;;;
ATENÇÃO:;É;vedada;a;utilização;de;GPS;para;recolhimento;de;receita;de;valor;[10:;ATM/MULTA;E;"""";;;;;;;;;
inferior;ao;estipulado;em;Resolução;publicada;pelo;INSS.;A;receita;que;resultar;JUROS;;;;;;;;;;;;;
';vator;inferior;deverá;ser;adicionada;à;contribuíção;ou;importancia;correspondente;';;;;;;;;;;;;;;
1|;nos;meses;subseqiuentes,;até;que;o;total;seja;igual;ou;superior;ao;valor;mínimo;.;|;;;;;;;;;
'Tfixado.;:;;;;;;;;;;;;;;;;;;;;;;;;
|;:;11.;TOTAL;3.776,64;;;;;;;;;;;;;;;;;;;;;
.;Obs;.;:;Nº;de;contribuintes:;2;12.;AUTENTICAÇÃO;BANCÁRIA;;;;;;;;;;;;;;;
o;2º;via;;;;;;;;;;;;;;;;;;;;;;;
|;OIANGIOR;SOSP3I4431;Lu6/07;3.774,;646;GESHIN;;;;;;;;;;;;;;;;;;;
L;—;MINISTÉRIO;DA;PREVIDÊNCIA;E;ASSISTÊNCIA;SOCIAL-MPAS;3.;CÓDIGO;DE;_;;;;;;;;;;;;;;
”;áª?;:;INSTITUTO;NACIONAL;DO;SEGURO;SOCIAL-INSS;PAGAMENTO;U;;;;;;;;;;;;;;;;
SNE;-;4.;COMPETÊNCIA;06/2007;;;;;;;;;;;;;;;;;;;;;
prambensora;—;GUIA;DA;PREVIDÊNCIA;SOCIAL;-;GPS;«;;;;;;;;;;;;;;;;;
';5.;IDENTIFICADOR;';51.775.690/0006-04;;;;;;;;;;;;;;;;;;;;;
:;S;;;;;;;;;;;;;;;;;;;;;;;;
1.;NOME;OU;RAZÃO;SOCIAL/FONE/ENDEREÇO;6.;VALORES;DO;INSS;|;1.649,89;;;;;;;;;;;;;;;
EURUKAWA;INDUSTRIAL;S;AÀ;PRODUTOS;ELETRICOS;AA;;;;;;;;;;;;;;;;;;;
|;TELEFONE:;5103375533;7.;;;;;;;;;;;;;;;;;;;;;;
RUA;ERNESTO;FONTOURA,;1479;/;SALA;801;-;SAO;GERALDO;CEP:;90230-180;PORTO;|;;;;;;;;;;;;
ALEGRE;RS;:;|;|;;;;;;;;;;;;;;;;;;;;;
12;VENCIMENTO;.;,;9.;VALORES;DE;OUTRAS;.;;;;;;;;;;;;;;;;;
(Uso;exclusivo;do;INSS);';ENTIDADES;351,03;.;;;;;;;;;;;;;;;;;;
'|ATENÇÃO:;É;vedada;a;utilização;de;GPS;para;recolhimento;de;receita;de;valor;—;|;10.;ATM/MULTA;E;:;;;;;;;
Tinferior;ao;estipulado;em;Resolução;publicada;pelo;INSS.;A;receita;que;resultar;JUROS;|;;;;;;;;;;;;
|;valor;inferior;deverá;ser;adicionada;à;contribuição;ou;importancia;correspondente;.;;;;;;;;;;;;;;
(|;nos;meses;subseqientes,;até;que;o;total;seja;igual;ou;superior;ao;valor;minimo;|;));;;;;;;;;
||;fixado.;-;"""T";;;;;;;;;;;;;;;;;;;;;;
|;_;,;2.000,92;|.;;;;;;;;;;;;;;;;;;;;;
Obs;.;:;Nº;de;contribuintes:;1;12.;AUTENTICAÇÃO;BANCÁRIA|;;;;;;;;;;;;;;;;
-;:;2º;via;;;;;;;;;;;;;;;;;;;;;;
|;TEGGS;SASCIAGHL;100707;2.000,;92D;GFSVIM;;;;;;;;;;;;;;;;;;;
|;:;;;;;;;;;;;;;;;;;;;;;;;;
|;:;;;;;;;;;;;;;;;;;;;;;;;;
aa;*;m;";";;;;;;;;;;;;;;;;;;;;;;
C;(;,;;;;;;;;;;;;;;;;;;;;;;;
“;MINISTÉRIODAPREVIDÊNCIAE;ASSISTÊNCIA;SOCIAL-MPAS;|3.;CÓDIGO;DE;I;2100;;;;;;;;;;;;;;;;;
ª?;,;—;INSTITUTO;NACIONAL;DO;SEGURO;SOCIAL-INSS;PAGAMENTO;P;——;;;;;;;;;;;;;;;
EZ;:;';4.;COMPETÊNCIA;l;06/2007;;;;;;;;;;;;;;;;;;;
nc;—;GUIA;DA;PREVIDENCIA;SOCIAL;-;GPS;=;é;——;;;;;;;;;;;;;;;
&.;IDENTIFICADOR;51.775.690/0011-63;;;;;;;;;;;;;;;;;;;;;;;
f;-;..;;;;;;;;;;;;;;;;;;;;;;;
];1.;NOME;OU;RAZÃO;SOCIAL/FONE/ENDEREÇO;|;T6.;VALORES;DO;INSS;|;1.261,07;|;;;;;;;;;;;;
||;FURUKAWA;INDUSTRIAL;S;A;PRODUTOS;ELETRICOS;';—;:;,;o;;;;;;;;;;;;;;
(|;TELEFONE:;3134277233;J7.;';.;;;;;;;;;;;;;;;;;;;;
I;í;AV;ANTONIO;ABRAO;CARAM,430;/;SL;104;-;PAMPULHA;CEP:;31275-000;BELO;-;|;;;;;;;;;;
|;HORIZONTE;MG;.;t8.;o;:;;;;;;;;;;;;;;;;;;;
2.;VENCIMENTO;——;|;ª;||;2.;VALORES;DE;OUTRAS;eA;;;;;;;;;;;;;;;
(Uso;exclusivo;do;INSS);|;|.;|;ENTIDADES;248,54;|;;;;;;;;;;;;;;;;
Ú;—;"""";:;j;';-;-;,;;;;;;;;;;;;;;;;;
ATENÇÃO:;É;vedada;a;utilização;de;GPS;para;recolhimento;de;receita;de;valor;—;|;/10.;ATMIMULTA;E;:;;;;;;;
inferior;ao;estipulado;em;Resolução;publicada;pelo;INSS.;À;receita;que;resultar;||;—;JUROS;!;|;;;;;;;;;
valor;inferior;deverá;ser;adicionada;à;contribuição;ou;importancia;correspondente;|.;T;;;;;;;;;;;;;;
nos;meses;subsequentes,;até;que;o;total;seja;igual;ou;superior;ao;valor;mínimo;d;|;';;;;;;;;;
fixado.;';:;;;;;;;;;;;;;;;;;;;;;;;
11:;TOTAL;';1.509,61;;;;;;;;;;;;;;;;;;;;;;
'Obs;.;:;Nº;de;contribuintes:;1;Ú;';12.;AUTENTICAÇÃO;BANCÁRIA;;;;;;;;;;;;;;
TANOSO);SESPI4431;100707;1.509,;6iC;GFSPIN;;;;;;;;;;;;;;;;;;;;
.;MINISTÉRIO;DA;PREVIDÊNCIA;E;ASSISTÊNCIA;SOCIAL-MPAS;|*-;CÓDIGO;DE;2100;“;;;;;;;;;;;;;;
Éª?;:;—;INSTITUTO;NACIONAL;DO;SEGURO;SOCIAL-INSS;|;PAGAMENTO.;-;-;v;=;';;;;;;;;;;;
EZ;À;4.;COMPETÊNCIA;07/2007;—;d;;;;;;;;;;;;;;;;;;;
eec;—;GUIA;DA;PREVIDÊNCIA;SOCIAL;-;GPS;:;—;;;;;;;;;;;;;;;;
|;o;a;&.;IDENTIFICADOR;'81.775.690/0001-91;--;""".";;;;;;;;;;;;;;;;;;
1.;NOME;OU;RAZÃO;SOCIAL/FONE/ENDEREÇO;|;"""";Te.;VALORES;DO;INSS;o;374,835,34:;';;;;;;;;;;;;
FURUKAWA;INDUSTRIAL;S;A;PRODUTOS;ELETRICOS;*;:;:;_:__________,__...;!;;;;;;;;;;;;;;;
TELEFONE:;4103414160;d7.;|,;;;;;;;;;;;;;;;;;;;;;;
];RUAHASDRUBAL;BELLEGARD,820;/;-;CIDADE;INDUSTRIAL;CEP:;81460-120;CURITIBA;8;,;X;;;;;;;;;;;;;
PR;.;;;;;;;;;;;;;;;;;;;;;;;;
T2.;VENCIMENTO;d;:|;9.;VALORES;DE;OUTRAS|;|;:;;;;;;;;;;;;;;;;
(Uso;exclusivo;do;INSS);|';*];“ENTIDADES;43.602,78;;;;;;;;;;;;;;;;;;
j;ATENÇÃÓ:;É;vedada;a;utilização;de;GPS;para;recolhimento;de;receita;de;valor;|;10.;ATMIMULTA;E;|;|;o;;;;;
inferior;ao;estipulado;em;Resolução;publicada;pelo;INSS.;À;receita;que;resultar;|;JUROS;|;|;;;;;;;;;;
valor;inferior;deverá;ser;adicionada;à;contribuição;ou;importancia;correspondente;';;;;;;;;;;;;;;;
|;nos;meses;subseqientes,;até;que;o;total;seja;igual;ou;superior;ao;valor;mínimo;);l;N;|;;;;;;;
fixado.;=;=—,y;;;;;;;;;;;;;;;;;;;;;;;
:;|;]11.;TOTAL;:;418.438,12;|;;;;;;;;;;;;;;;;;;;
Obs;«;*;Nº;de;contribuintes:;352;';12.;AUTENTICAÇÃO;BANCÁRIA;|;;;;;;;;;;;;;;
1);;;;;;;;;;;;;;;;;;;;;;;;;
1;"""";2º;via;;;;;;;;;;;;;;;;;;;;;;
MÁNO062;SESCPA4431;100807;448.438,;ieC;GPSDIN;;;;;;;;;;;;;;;;;;;;
"""";;;;;;;;;;;;;;;;;;;;;;;;;
C;C;|;;;;;;;;;;;;;;;;;;;;;;;
EN;S;INISTÉRIO;DA;PREVIDÊNCIA;E;ASSISTÊNCIA;SOCIAL-MPAS;|3-;GÓODIGO;DIE;-;_;;;;;;;;;;;;;
_;â&?;INSTITUTO;NACIONAL;DO;SEGURO;SOCIAL-INSS;PAGAMENTO;;;;;;;;;;;;;;;;;;
minocasoasm;—;GUIA;DA;PREVIDÊNCIA;SOCIAL;-;GPS;——;:;|;;;;;;;;;;;;;;;
.;Ú;i;5.;IDENTIFICADOR;—;|571.775.690/0003-53;;;;;;;;;;;;;;;;;;;
1.;NOME;OU;RAZÃO;SOCIAL/FONE/ENDEREÇO;=;6.;VALÓRÉS;DO;INSS;|;55'727,51;"""";;;;;;;;;;;;;
FURUKAWA;INDUSTRIAL;S;A;PRODUTOS;ELETRICOS;:;:s;;;;;;;;;;;;;;;;;;
TELEFONE:;115515717;,;7.;o;;;;;;;;;;;;;;;;;;;;;
AV;DAS;NACOES;UNIDAS,;11633/;14;ANDAR;-;BROOKLIN;NOVO;CEP:;04578-901;SAO;|;=—;!;;;;;;;;;;
“PAULO;SP;,;8;:;,;;;;;;;;;;;;;;;;;;;;
2.;VENCIMENTO;';9.;VALORES;DE;OUTRAS;:;;;;;;;;;;;;;;;;;;
(Uso;exclusivo;do;INSS);ENTIDADES;me;5.343,98;—;;;;;;;;;;;;;;;;;;
';ATENÇÃO:;É;vedada;a;utilização;de;GPS;para;recolhimento;de;receita;de;valor;1;10.;ATM/MULTA;E;;;;;;;;
Jinferior;ao;estipulado;em;Resolução;publicada;pelo;INSS.;A;receita;que;resultar;JUROS;;;;;;;;;;;;;
valor;inferior;deverá;ser;adicionada;à;contribuição;ou;importancia;correspondente;|;;;;;;;;;;;;;;;
nos;meses;subsequentes,;até;que;o;total;seja;igual;ou;superior;ao;valor;mínimo;"""";-;|;;;;;;;;;
fixado.;”;;;;;;;;;;;;;;;;;;;;;;;;
1T;Obs;.;:;Nº;de;contribuintes:;20;|;';12.;AUTENTICAÇÃO;BANCÁRIA;|:;;;;;;;;;;;;
||;";";;;;;;;;;;;;;;;;;;;;;;;;
s;:;;;;;;;;;;;;;;;;;;;;;;;;
:;|;|;2?via.;;;;;;;;;;;;;;;;;;;;;;
IXMORAi;SOSPS443i;100807;&1.071,;490;GPSDIN;;;;;;;;;;;;;;;;;;;;
__—_-z—__,___-f________——x_______.-i———d___—,_á_,_____.__—_;;;;;;;;;;;;;;;;;;;;;;;;;
t;;;;;;;;;;;;;;;;;;;;;;;;;
L;—;MINISTÉRIO;DA;PREVIDÊNCIA;E;ASSISTÊNCIA;SOCIAL-MPAS;|*;CÓDIGO;DE;_;;;;;;;;;;;;;;
:;âãª;INSTITUTO;NACIONAL;DO;SEGURO;SOCIAL-INSS;PAGAMENTO;—;;;;;;;;;;;;;;;;;
o;N;|;.;e;4.;COMPETÊNCIA;07/2007;;;;;;;;;;;;;;;;;;
múnicissas.;*;GUIA;DA;PREVIDÊNCIA;SOCIAL;-;GPS;——;A;;;;;;;;;;;;;;;;
,;5.;IDENTIFICADOR;51.775.690/0004-34;:;;;;;;;;;;;;;;;;;;;;;
1.;NOME;OU;RAZÃO;SOCIAL/FONE/ENDEREÇO;|;6.;VALORES;DO;INSS;|;"""";4.430,83;:;;;;;;;;;;;;
FURUKAWA;INDUSTRIAL;8;A;PRODUTOS;ELETRICOS;—;.;';K;;;;;;;;;;;;;;;;
TELEFONE:;2105163905;7.;o;;;;;;;;;;;;;;;;;;;;;;
R.RIO;BRANCO,45/SALA;1209;-;CENTRO;CEP:;20090-003;RIO;DE;JANEIRO;RJ;:;8;-;;;;;;;;;;;;
';2.;"VENCIMENTO""'";9.;VALORES;DE;OUTRAS;a;;;;;;;;;;;;;;;;;;
(Uso;exclusivo;do;INSS);ENTIDADES;1.000,26;í;;;;;;;;;;;;;;;;;;;
";";TATENÇÃO:;É;vedada;a;utilização;de;GPS;para;recolhimento;de;receita;de;valor;|;10.;ATM/MULTA;E;";";:;;;;;;
);';inferior;ao;estipulado;em;Resolução;publicada;pelo;INSS.;ÀA;receita;que;resultar;JUROS;';;;;;;;;;;
valor;inferlor;deverá;ser;adicionada;à;contribuição;ou;importancia;correspondente;|;;;;;;;;;;;;;;;
il;nos;meses;subsequentes,;até;que;o;total;seja;igual;ou;superior;ao;valor;mínimo;-;:;;;;;;;;;
fixado.;|;|;;;;;;;;;;;;;;;;;;;;;;;
f;obs.:Nºdecontribuintes:;22;';2.;AUTENTICAÇÃO;BANCÁRIA|;;;;;;;;;;;;;;;;;;;
|;"""""";;;;;;;;;;;;;;;;;;;;;;;;
|;';”;2?via.;;;;;;;;;;;;;;;;;;;;;;
5;C;;;;;;;;;;;;;;;;;;;;;;;;
mMUNÇOGO;SeSadA4Di;100807;5.431,090;GPSDIN;;;;;;;;;;;;;;;;;;;;;
—;o;a;——;——;______._-————-ª——f______-,__,__i____z___-—-—________a__j___.;;;;;;;;;;;;;;;;;;;;
T;.;S;INISTÉRIO;DA;PREVIDÊNCIA;E;ASSISTÊNCIA;SOCIAL-MPAS;|3:;CÓDIGO;DE;_;';;;;;;;;;;;;
";";&à?;INSTITUTO;NACIONAL;DO;SEGURO;SOCIAL-INSS;.;PAGAMENTO;—;:;;;;;;;;;;;;;;;
ENA;-;4.;COMPETÊNCIA;07/2007;;;;;;;;;;;;;;;;;;;;;
seemecasocarm;—;GUIA;DA;PREVIDÊNCIA;SOCIAL;-;GPS;—;—;;;;;;;;;;;;;;;;
s;5.;IDENTIFICADOR;I';51.775.690/0006-04;;;;;;;;;;;;;;;;;;;;;
1.;NOME;OU;RAZÃO;SOCIAL/IFONE/ENDEREÇO;“;”;Jeg;vALORESDOINSS;|;|;1.990,60;;;;;;;;;;;;;;
FURUKAWA;INDUSTRIAL;S;A;PRODUTOS;ELETRICOS;:;——;;;;;;;;;;;;;;;;;;
TELEFONE:;5103375533;7.;';:;;;;;;;;;;;;;;;;;;;;;
RUA;ERNESTO;FONTOURA,;1479;/;SALA;801;-;SAO;GERALDO;CEP:;90230-180;PORTO;=;—;—;;;;;;;;;;
ALEGRERS;—;|;|;8.;=;;;;;;;;;;;;;;;;;;;;
2.;VENCIMENTO;9.;VALORES;DE;OUTRAS;;;;;;;;;;;;;;;;;;;;
t;(Uso;exclusivo;do;INSS);:;ENTIDADES;440,687;;;;;;;;;;;;;;;;;;
,;ATENÇÃO:;É;vedada;a;utilização;de;GPS;para;recolhimento;de;receita;de;valor;|;10.;ATM/MULTA;E;;;;;;;;
inferior;ao;estipulado;em;Resolução;publicada;pelo;INSS.;A;receita;que;resultar;JUROS;;;;;;;;;;;;;
valor;inferior;deverá;ser;adicionada;à;contribuição;ou;importancia;correspondente;;;;;;;;;;;;;;;;
nos;meses;subsegúentes,;até;que;o;total;seja;igual;ou;superior;ao;valor;mínimo;-;|;;;;;;;;;;
,;';';2;"""";II;;;;;;;;;;;;;;;;;;;;
'];Obs;.;:;Nº;de;contribuintes:;1;';12.;AUTENTICAÇÃO;BANCÁRIA;;;;;;;;;;;;;;
|;;;;;;;;;;;;;;;;;;;;;;;;;
|;;;;;;;;;;;;;;;;;;;;;;;;;
';"""";.;:;|;2ºvia.;;;;;;;;;;;;;;;;;;;;
1IKW;;;;;;;;;;;;;;;;;;;;;;;;;
MINO0S?;SBSCS4491;100807;2;434,;A7L;GPSI;;;;;;;;;;;;;;;;;;;
"__É____—z—_""—__f—__—ç———_-—ª——f__————í-í—_:a'-”—-j——-íª————ªl";;;;;;;;;;;;;;;;;;;;;;;;;
“e-;GS;|;';.;;;;;;;;;;;;;;;;;;;;;
L;—;MINISTÉRIO;DA;PREVIDÊNCIA;E;ASSISTÊNCIA;SOCIAL-MPAS;3.;CÓDIGO;DE;_;;;;;;;;;;;;;;
»;W;INSTITUTO;NACIONAL;DO;SEGURO;SOCIAL-INSS;—;PAGAMENTO;—;;;;;;;;;;;;;;;;
ENA;A;4.;COMPETÊNCIA;07/2007;;;;;;;;;;;;;;;;;;;;;
man;—;GUIA;DA;PREVIDÊNCIA;SOCIAL;-;GPS;:;';-;—;;;;;;;;;;;;;;
|;5.;IDENTIFICADOR;51.775.690/0011-63;;;;;;;;;;;;;;;;;;;;;;
1.;NOME;OU;RAZÃO;SOCIAL/FONE/ENDEREÇO;——;6.;VALORES;DO;INSS;1.627,14;;;;;;;;;;;;;;;
FURUKAWA;INDUSTRIAL;S;A;PRODUT;OS;ELETRICOS;|;—;';;;;;;;;;;;;;;;;
|;TELEFONE:;3134277233;7.;;;;;;;;;;;;;;;;;;;;;;
AVANTONIO;ABRAO;CARAM,430;/;SL;104;-;PAMPULHA;CEP:;31275-000;BELO;PAA;';;;;;;;;;;;;;
';|;HORIZONTE;MG;:;';:;:;;;;;;;;;;;;;;;;;;
2.;VENCIMENTO;";";';|;9.;VALORES;DE;OUTRAS;|;';';;;;;;;;;;;;;;
(Uso;exclusivo;do;INSS);""")";|;ENTIDADES;";";345,03;RI;";";;;;;;;;;;;;;;;
.;Ú;.;—;|;;;;;;;;;;;;;;;;;;;;;
"""";,;—;-;"""";-;——;ÉÇAA;>;-;-;;;;;;;;;;;;;;;
!;';JATENÇÃO:;É;vedada;a;utilização;de;GPS;para;recolhimento;de;recelta;de;valor;110.;ATM/MULTAE,;j;|;';;;;;;
:;|;inferior;ao;estipulado;em;Resolução;publicada;pelo;INSS.;A;receita;que;resultar;1;JUROS;:;|;y;;;;;;;
valor;inferior;deverá;ser;adicionada;à;contribuição;ou;importancia;correspondente;|;;;;;;;;;;;;;;;
|;nos;meses;subsequentes,;até;que;o;total;seja;igual;ou;superior;ao;valor;mínimo;|);o;NN;:;;;;;;;
fixado.;,;—;|;;;;;;;;;;;;;;;;;;;;;;
Obs.:;Nº;de;contribuintes:;1;12.;AUTENTICAÇÃO;BANCÁRIA;|;;;;;;;;;;;;;;;;;
:;:;:;o;2;via;;;;;;;;;;;;;;;;;;;;
MTAMÇOSS;SESA3443Í;106B07;4.978,i7C;GPSDIN;;;;;;;;;;;;;;;;;;;;;
ÀA;;;;;;;;;;;;;;;;;;;;;;;;;
MINISTÉRIO;DA;PREVIDÊNCIA;E;ASSISTÊNCIA;SOCIAL-MPAS;|*;CÓDIGO;DE;2100;;;;;;;;;;;;;;;;
:;©;:;—;INSTITUTO;NACIONAL;DO;SEGURO;SOCIAL-INSS;——ó;—;PAGAMENTO;——;|-;;;;;;;;;;;;
BUAÇ;A;.;4.;COMPETÊNCIA;[;08/2007;:;;;;;;;;;;;;;;;;;;
mentensoar.;—;GUIA;DA;PREVIDÊNCIA;SOCIAL;-;GPS;:;——;;;;;;;;;;;;;;;;
';,;5.;IDENTIFICADOR;51.;"775.6;90/0001-91";|;;;;;;;;;;;;;;;;;;;
'11.;NOME;OU;RAZÃO;SOCIALFONE/ENDEREÇO;—;T6.;VALORES;DO;INSS;"""";322687,56;;;;;;;;;;;;;;
';FURUKAWA;INDUSTRIAL;S;A;PRODUTOS;ELETRICOS;—;';:;;;;;;;;;;;;;;;;
';TELEFONE:;4103414160;V7.;;;;;;;;;;;;;;;;;;;;;;
'];RUA;HASDRUBAL;BELLEGARD,820/;-;CIDADE;INDUSTRIAL;CEP:;81460-120;CURITIBA;8;——;=;;;;;;;;;;;;;
PR;.;:;;;;;;;;;;;;;;;;;;;;;;;
"""";-;—;-;—;——;MpOAUq——=;esss———;õ;suesaeeesss—;"""";-;;;;;;;;;;;;;;
2.;VENCIMENTO;|;8.;VALORES;DE;OUTRAS;|;;;;;;;;;;;;;;;;;;
(Uso;exclusivo;do;INSS);-;ENTIDADES;35.818,32;;;;;;;;;;;;;;;;;;;
JATENÇÃO:;É;vedada;a;utilização;de;GPS;para;recolhimento;de;receita;de;valor;|;10.;ATMIMULTA;E;;;;;;;;;
:Tinferior;ao;estipulado;em;Resolução;publicada;pelo;INSS.;A;receita;que;resultar;-;JUROS;;;;;;;;;;;;
J;valor;inferior;deverá;ser;adicionada;à;contribuição;ou;importancia;correspondente;:;;;;;;;;;;;;;;
|;nos;meses;subseqiuentes,;até;que;o;tota!;seja;igual;ou;superior;ao;valor;mínimo;;;;;;;;;;;
fixado.;|;=;";";;;;;;;;;;;;;;;;;;;;;;
,;11.;TOTAL;:;358.505,88;-;;;;;;;;;;;;;;;;;;;;
|;Obs;.;:;Nº;de;contribuintes:;354;|;12.;AUTENTICAÇÃO;BANCÁRIA;;;;;;;;;;;;;;
d;|;;;;;;;;;;;;;;;;;;;;;;;;
:;v;-;!;|;:;2º;víàj';;;;;;;;;;;;;;;;;;
EIMAISO;SOSCSAADSA;100907;398.505,;88C;GPSNDIMN;;;;;;;;;;;;;;;;;;;;
&;MINISTÉRIO;DA;PREVIDÊNCIA;E;ASSISTÊNCIA;SOCIAL-MPAS;|[3:;CODIGODE-;Jagg;;;;;;;;;;;;;;;;
&—)3;:;—;INSTITUTO;NACIONAL;DO;SEGURO;SOCIAL-INSS;+;PAGAMENTO;—;-;;;;;;;;;;;;;;
|;EZ;—;À;4.;COMPETÊNCIA;08/2007;';;;;;;;;;;;;;;;;;;
mentossoar;—;GUIA;DA;PREVIDENCIA;SOCIAL;-;GPS;';:;;;;;;;;;;;;;;;;
.;IDENTIFICADOR;51.775.690/0003-53;;;;;;;;;;;;;;;;;;;;;;;
"""";.;-;;;;;;;;;;;;;;;;;;;;;;;
1.;NOME;OU;RAZÃO;SOCIAL/FONE/ENDEREÇO;6.;VALORES;DO;INSS;45.474,88;;;;;;;;;;;;;;;;
FURUKAWA;INDUSTRIAL;S;AÀ;PRODUTOS;ELETRICOS;';:;=;';;;;;;;;;;;;;;;;
TELEFONE:;115515717;7.;,;';";";;;;;;;;;;;;;;;;;;;;
AV;DAS;NACOES;UNIDAS,;11633;/;14;ANDAR;-;BROOKLIN;NOVO;CEP:;04578-90t;SAO;—;=;';";";;;;;;;;
PAULOSP;=;—;8.;o;;;;;;;;;;;;;;;;;;;;;
—;la;VENCIMENTO;—;9.;VALORES;DE;OUTRAS|;|;|;;;;;;;;;;;;;;;;
(Uso;exclusivo;do;INSS);ENTIDADES;—;TT;3.908,25;=;;;;;;;;;;;;;;;;;
-;—;JATENÇÃO:;É;vedada;a;utilização;de;GPS;para;recolhimento;de;receita;de;valor;|;10.;ATMIMULTA;E;:;;;;;;
h;inferior;ao;estipulado;em;Resolução;publicada;pelo;INSS.;A;receita;que;resultar;JUROS;;;;;;;;;;;;
TValór;inferior;deverá;ser;adicionada;à;contribuição;ou;importancia;correspondente;;;;;;;;;;;;;;;;
nos;meses;subseqiuentes,;até;que;o;total;seja;igual;ou;superior;ao;valor;minimo;;;;;;;;;;;;
fixado..;V;:;;;;;;;;;;;;;;;;;;;;;;;
';11.;TOTAL;49.383,13;;;;;;;;;;;;;;;;;;;;;;
Obs;.;:;Nº;de;contribuintes:;20;*;';';12.;AUTENTICAÇÃO;BANCÁRIA;;;;;;;;;;;;;
";";|;|;.;|;2º;víaI;;;;;;;;;;;;;;;;;;;
ETAMGÍBI;SOSC344D4;i609?a7.;49.363,;13C;GESTIN;;;;;;;;;;;;;;;;;;;;
—;.;—;MINISTÉRIODA;PREVIDÊNCIA;E;ASSISTÊNCIA;SOCIAL-MPAS;3.;CÓDIGO;DE;2100;;;;;;;;;;;;;;
:;©;INSTITUTO;NACIONAL;DO;SEGURO;SOCIAL-INSS;"""";—;PAGAMENTO.;J;:;;;;;;;;;;;;;;
EZA;2=;!;'4.;COMPETÊNCIA;);08/2007;;;;;;;;;;;;;;;;;;;
semsenscas;—;GUIA;DA;PREVIDÊNCIA;SOCIAL;-;GPS-;o;D;GOnMDDA.aA;;;;;;;;;;;;;;;
:;|;5.;IDENTIFICADOR;1);57.775.690/0004-34;;;;;;;;;;;;;;;;;;;;
1.;NOME;OU;RAZÃO;SOCIAL/FONE/ENDEREÇO;—;|;"""";6.;VALORES;DO;INSS;|;|;3.121,.55;||;;;;;;;;;;
|;FURUKAWA;INDUSTRIAL;S;A;PRODUTOS;ELETRICOS;:;:;-;!;,;;;;;;;;;;;;;;
"""";TELEFONE:;2105163905;7.;';H;;;;;;;;;;;;;;;;;;;;
«;R.RIO;BRANCO,45/SALA;1209;-;CENTRO;CEP:;20_090-003;RIO;DE;JANEIRO;RJ;ª8;,;T;|;';;;;;;;;;
2.;VENCIMENTO;';9.;VALORES;DE;OUTRAS|:;:;;;;;;;;;;;;;;;;;;
!;(Uso;exclusivo;do;INSS);ENTIDADES;,;655,09;|;;;;;;;;;;;;;;;;;
ATENÇÃO:;É;vedada;a;utilização;de;GPS;para;recolhimento;de;receita;de;valor;110.;ATM/MULTA;E;:;"""";';;;;;;;
';inferior;ao;estipulado;em;Resolução;publicada;pelo;INSS.;A;receita;que;resultar;JUROS;|;;;;;;;;;;;
valor;inferior;deverá;ser;adicionada;à;contribuição;ou;importancia;correspondente;|;;;;;;;;;;;;;;;
nos;meses;subsequentes,;até;que;o;total;seja;igual;ou;superior;ao;valor;mínimo;|,;|;ENSN;É;;;;;;;;
fixado.;o;:;-;-;";";;;;;;;;;;;;;;;;;;;;
2a;11.;TOTAL;3.776,64;|;;;;;;;;;;;;;;;;;;;;;
msç;a;—;a;——;—;—;.;-;";";;;;;;;;;;;;;;;;
Obs;.;:;Nº;de;contribuintes:;2;12.;AUTENTICAÇÃO;BANCÁRIA|.;;;;;;;;;;;;;;;;
É;o;a;—;——;o;s;-;——;R;E;,________________,_____.._.gª_Y-lêl;;;;;;;;;;;;;;
EIIDOIBO;S8SCI4431;100907;3.774,;646;GFSUIH;;;;;;;;;;;;;;;;;;;;
M;;;;;;;;;;;;;;;;;;;;;;;;;
ee;—;MINISTÉRIO;DA;PREVIDÊNCIA;E;ASSISTÊNCIA;SOCIAL-MPAS;|-;CÓDIGO;DE;2100;;;;;;;;;;;;;;
:;à;INSTITUTO;NACIONAL;DO;SEGURO;SOCIAL-INSS;:;PAGAMENTO;+;:;.;;;;;;;;;;;;;;
N;.;4.;COMPETÊNCIA;08/2007;:;;;;;;;;;;;;;;;;;;;;
renmbesoes;—;GUIA;DA;PREVIDENCIA;SOCIAL;-;GPS;——;|;——;=[;;;;;;;;;;;;;;
.;5.;IDENTIFICADOR;[;581.775.690/0006-04/--;|;;;;;;;;;;;;;;;;;;;;
1.;NOME;OU;RAZÃO;SOCIAL/FONE/ENDEREÇO;6.;VALORES;DO;INSS;to;1.534,53;;;;;;;;;;;;;;;
FURUKAWA;INDUSTRIAL;S;A;PRODUTOS;ELETRICOS;:;:;-;"""";&;;;;;;;;;;;;;;;
TELEFONE:;5103375533;7.;i;;;;;;;;;;;;;;;;;;;;;;
RUA;ERNESTO;FONTOURA,;1479;/;SALA;801;-;SAO;GERALDO;CEP:;90230-180;PORTO;|;|;-;:;;;;;;;;;
ALEGRE;RS;RESN;:;—;8;";";,;";";;;;;;;;;;;;;;;;;
2.;VENCIMENTO;*;9.;VALORES;DE;OUTRAS;;;;;;;;;;;;;;;;;;;
(Uso;exclusivo;do;INSS);:;';ENTIDADES;320,638;|;;;;;;;;;;;;;;;;;
'ATENÇÃO:;É;vedada;a;utilização;de;GPS;para;recolhimento;de;receita;de;valor;|[[10.;ATM/MULTAE=—=—=——0;|;;;;;;;;;;
';inferior;ao;estipulado;em;Resolução;publicada;pelo;INSS.;A;receita;que;resultar;||';JUROS;';;;;;;;;;;
valor;inferior;deverá;ser;adicionada;à;contribuição;ou;importancia;correspondente;|,;:;T;;;;;;;;;;;;;
nos;meses;subsequentes,;até;que;o;total;seja;igual;ou;superior;ao;valor;mínimo;—;|,;o;"""";;;;;;;;
fixado.;'|11.;TOTAL;N;NS;1.855,16;;;;;;;;;;;;;;;;;;;;
Obs;.;:;Nº;de;contribuintes:;1;12.;AUTENTICAÇÃO;BANcARlAI;;;;;;;;;;;;;;;;
';o;o;2º;via;;;;;;;;;;;;;;;;;;;;;
EITANOS7?;SASCIA43S;100907;1.B852,;$áC;GPSDIM;;;;;;;;;;;;;;;;;;;;
_______.__——-—_—————————_———_-ª_ª—___—f—_;gage—;—;—;-;-;.;;;;;;;;;;;;;;;;;;;
&;MINISTÉRIODA;PREVIDÊNCIA;E;ASSISTÊNCIA;SOCIAL-MPAS;|3.;CÓDIGO;DE;1;2100;';;;;;;;;;;;;;;
©;INSTITUTO;NACIONAL;DO;SEGURO;SOCIAL-INSS;)-;PAGAMENTO;:;;;;;;;;;;;;;;;;;
N;A;-.;4.;COMPETÊNCIA;|;08/2007;;;;;;;;;;;;;;;;;;;
menêasoam;—;GGUIA;DA;PREVIDENCIA;SOCIAL;-;GPS;f;——;;;;;;;;;;;;;;;;
';,;5.;IDENTIFICADOR;1);871.775.690/0011-63;';;;;;;;;;;;;;;;;;;;
1.;NOME;OU;RAZÃO;SOCIAL/FONE/ENDEREÇO;'T6;VALORES;DOINSS;.;1.261.07;;;;;;;;;;;;;;;;
.;FURUKAWA;INDUSTRIAL;SA;PRODUTOS;ELETRICOS;Ê;';|;;;;;;;;;;;;;;;;;
,;TELEFONE:;3134277233;7.;o;o;;;;;;;;;;;;;;;;;;;;
:;AVANTONIO;ABRAO;CARAM,430/SL;104;-;PAMPULHA;CEP:;31275-000;BELO;—;;;;;;;;;;;;;;;
HORIZONTE;MG;18.;.;,;;;;;;;;;;;;;;;;;;;;;
2.;VENCIMENTO;—;O.;VALORES;DE;OUTRAS|!;|||;o;;;;;;;;;;;;;;;;;
(Uso;exclusivo;do;INSS);|,;ENTIDADES;=S;248,54;;;;;;;;;;;;;;;;;;
ATENÇÃO:;É;vedada;a;utilização;de;GPS;para;recolhimento;de;receita;de;valor;-;[10,;ATM/MULTA;E;;;;;;;;;
Inferior;ao;estipulado;em;Resolução;publicada;pelo;INSS.;À;receita;que;resultar;JUROS;;;;;;;;;;;;;
valor;inferior;deverá;ser;adicionada;à;contribuição;ou;importancia;correspondente;;;;;;;;;;;;;;;;
nos;meses;subseqientes,;até;que;o;total;seja;igual;ou;superior;ao;valor;mínimo;o;;;;;;;;;;;
fixado.;;;;;;;;;;;;;;;;;;;;;;;;;
!;11.;TOTAL;1.509,61;;;;;;;;;;;;;;;;;;;;;;
Obs;.;:;Nº;de;contribuintes:;1;"""";12.;AUTENTICAÇÃO;BANCÁRIA;;;;;;;;;;;;;;;
1;;;;;;;;;;;;;;;;;;;;;;;;;
|;;;;;;;;;;;;;;;;;;;;;;;;;
:;!;:;,;_____________________ZªVí_ª,,;;;;;;;;;;;;;;;;;;;;;
[CIAUOGS7A;SBSCS443i;100907;i.509,6iC;GPSDIM;;;;;;;;;;;;;;;;;;;;;
";";.;';a”;7;;;;;;;;;;;;;;;;;;;;;
l;';;;;;;;;;;;;;;;;;;;;;;;;
|;,;;;;;;;;;;;;;;;;;;;;;;;;
,;—;MINISTÉRIO;DA;PREVIDÊNCIA;E;ASSISTÊNCIA;SOCIAL-MPAS;|?;CÓDIGO;DE;_;';;;;;;;;;;;;;
.;â&?;';—;INSTITUTO;NACIONAL;DO;SEGURO;SOCIAL-INSS;);—;PAGAMENTO;—;;;;;;;;;;;;;
';DSA;A;|;4.;COMPETÊNCIA;.09/2007;';;;;;;;;;;;;;;;;;;
|;eec;—;GUIA;DA;PREVIDÊNCIA;SOCIAL-GPS;——;:;—;';;;;;;;;;;;;;;;
:;ee;5.IDENTIFICADOR;—;|157.775.690/0001-91;|;;;;;;;;;;;;;;;;;;;;
1.;NOME;OU;RAZÃO;SOCIAL/FONE/ENDEREÇO;6.;VALORES;DO;INSS-;m;D;;;;;;;;;;;;;;;
:;FURUKAWA;INDUSTRIAL;S;A;PRODUT;OS;ELETRICOS;!;/;;;;;;;;;;;;;;;;
[;RUA;HASDRUBAL;BELLEGARD,6207;-;_CIDADE;INDUSTRIAL;CEP:;81460-120;CURITIBA;(;-;';";";ec;';;;;;;;;;;
1l;PR;"""";"""";:;;;;;;;;;;;;;;;;;;;;;
i;—;2;VENCIMENTO;7;|;9.;VALORES;DE;OUTRAS;EA;;;;;;;;;;;;;;;
l';1);(Uso;exclusivo;do;INSS);.;"""";ENTIDADES;—;.;35.925,49;|;;;;;;;;;;;;;
|;ATENÇÃO:;É;vedada;a;utilização;de;GPS;para;recolhimento;de;receita;de;valor;—;|;10.;ATM/MULTA;E;"""";;;;;;
inferior;ao;estipulado;em;Resolução;publicada;pelo;INSS.;A;receita;que;resultar;JUROS;|;|;;;;;;;;;;;
valor;inferior;deverá;ser;adicionada;à;contribuição;ou;importancia;correspondente;|;;;;;;;;;;;;;;;
nos;meses;subseqúentes,;até;que;o;total;seja;igual;ou;superior;ao;valor;mínimo;—;|;|;;;;;;;;;
fixado.;"""";—;;;;;;;;;;;;;;;;;;;;;;;
:;.;_;11.;TOTAL;|;358.245,24;|;;;;;;;;;;;;;;;;;;
Obs;.;:;Nº;de;contribuintes:;358;m;12.;AUTENTICAÇÃO;BANCÁRIA;;;;;;;;;;;;;;;
ITANOOB?;SesegA;$0;;;;;;;;;;;;;;;;;;;;;;;
1007;—;358.245,2R4C;GPSDIN;-;;;;;;;;;;;;;;;;;;;;;
MINISTÉRIO;DA;PREVIDÊNCIA;E;ASSISTÊNCIA;SOCIAL-MPAS;|3.;CÓDIGO;DE;2100;;;;;;;;;;;;;;;;
";";&3;INSTITUTO;NACIONAL;DO;SEGURO;SOCIAL-INSS;PAGAMENTO;e;;;;;;;;;;;;;;;;;
&;:;*';o;-;4.;COMPETÊNCIA;1);09/2007;;;;;;;;;;;;;;;;;
membeasocau;—;GUIA;DA;PREVIDÊNCIA;SOCIAL;-;GPS;.;“;:;;;;;;;;;;;;;;;
.;IDF.íNTIFICADOR;|;51.775.690/0003-53;;;;;;;;;;;;;;;;;;;;;;
1.;NOME;OU;RAZÃO;SOCIAL/FONE/ENDEREÇO;"""";6.;VALORES;DOINSS;|';42;020,58;;;;;;;;;;;;;;
FURUKAWA;INDUSTRIAL;S;A;PRODUTOS;ELETRICOS;:;-;';';;;;;;;;;;;;;;;;
AV;DAS;NACOES;UNIDAS,;11633;/;14;ANDAR;-;BROOKLIN;NOVO;CEP:;04578-901;SÃO;—;:;:;;;;;;;;;
PAULO;SP;m;|;/;;;;;;;;;;;;;;;;;;;;;
2.;VENCIMENTO;|;9.;VALORES;DE;OUTRAS;,;;;;;;;;;;;;;;;;;;
(Uso;exclusivo;do;INSS);ENTIDADES;3.885,78;;;;;;;;;;;;;;;;;;;;
ATENÇÃO:;É;vedada;a;utilização;de;GPS;para;recolhimento;de;receita;de;valor;—;|10.;ATM/MULTA;E;;;;;;;;;
inferior;ao;estipulado;em;Resolução;publicada;pelo;INSS.;ÀA;receita;que;resultar;JUROS;;;;;;;;;;;;;
valor;inferior;deverá;ser;adicionada;à;contribuição;ou;importancia;correspondente;;;;;;;;;;;;;;;;
nos;meses;subseqgilentes,;até;que;o;total;sefa;igual;ou;superior;ao;valor;mínimo;"""";n;;;;;;;;;;
fixado.;|;;;;;;;;;;;;;;;;;;;;;;;;
|;11.;TOTAL;45.906,36;;;;;;;;;;;;;;;;;;;;;;
Obs.:Nº;de;contribuintes:;20;Ú;';12.;AUTENTICAÇÃO;BANCÁRIA;;;;;;;;;;;;;;;;;
TIAUGUVO;GASP34491;101907;45.Y06,34D;GPSDIH;;;;;;;;;;;;;;;;;;;;;
e;;;;;;;;;;;;;;;;;;;;;;;;;
&Q;—;MINISTÉRIO;DA;PREVIDÊNCIA;E;ASSISTÊNCIA;SOCIAL-MPAS;|;3.;CÓDIGO;DE;fosoo;RA;|;;;;;;;;;;;
";";áª?;';INSTITUTO;NACIONAL;DO;SEGURO;SOCIAL-INSS;L;PAGAMENTO;—;—;';;;;;;;;;;;;;
N;R;);4.;COMPETÊNCIA;1);09/2007;l;;;;;;;;;;;;;;;;;;
aentensoas;—;GUIA;DA;PREVIDENCIA;SOCIAL;-;GPS;—;[;—;;;;;;;;;;;;;;;
|;f;S.IDENTIFICADOR;—;51.775.;690_/0006-04;;;;;;;;;;;;;;;;;;;;
1.;NOME;OU;RAZÃO;SOCIAL/FONE/ENDEREÇO;.;6.;VALORES;DO;INSS;"""";1.534,53;;;;;;;;;;;;;;
FURUKAWA;!NDUSTRIAL;SA;PRODUTOS;ELETRICOS;:L;:;——;;;;;;;;;;;;;;;;;;
RUA;ERNESTO;FONTOURA,;1479;/;SALA;801;-;SAO;GERALDO;CEP:;90230-180;PORTO;|;--;;;;;;;;;;;
ALEGRE;RS;';:;;;;;;;;;;;;;;;;;;;;;;
2.;VENCIMENTO;9.;VALORES;DE;OUTRAS;";";;;;;;;;;;;;;;;;;;;
:;(Uso;exclusivo;do;INSS);';ENTIDADES;:;320,63;.;;;;;;;;;;;;;;;;
TATENÇÃO:;É;vedada;a;utilização;de;GPS;para;recolhimento;de;receita;de;valor;T10.;ATM/MULTA;E;';;;;;;;;;
y;inferior;ao;estipulado;em;Resolução;publicada;pelo;INSS.;À;receita;que;resultar;|';JUROS;;;;;;;;;;;
valor;inferior;deverá;ser;adicionada;à;contribuição;ou;importancia;correspondente;';|,;";";*;;;;;;;;;;;;
nos;meses;subseqientes,;até;que;o;total;seja;igual;ou;superior;ao;valor;mínimo;—;|,;";";;;;;;;;;
T;fixado.;!;.;+;';;;;;;;;;;;;;;;;;;;;
1111.;TOTAL;|;1.855,16;,;;;;;;;;;;;;;;;;;;;;;
Obs;.;:;Nº;de;contribuintes:;1;—;12.;AUTENTICAÇÃO;BANCÁRIA;||;;;;;;;;;;;;;;
"""";;;;;;;;;;;;;;;;;;;;;;;;;
|;RE;-;-;12º;vvi'a;';;;;;;;;;;;;;;;;;;;
OISUVOVÍ;SESS34491;101007;1.835,;14;-;GPSDTW:;;;;;;;;;;;;;;;;;;;
é;;;;;;;;;;;;;;;;;;;;;;;;;
T;—;MINISTÉRIODA;PREVIDÊNCIA;E;ASSISTÊNCIA;SOCIAL-MPAS;|º;CÓDIGO;DE;_;;;;;;;;;;;;;;;
|;áª?;JINSTITUTO;NACIONAL;DO;SEGURO;SOCIAL-INSS;“;—;|;PAGAMENTO;—;;;;;;;;;;;;;;
NA;.;4.;COMPETÊNCIA;);09/2007;|;;;;;;;;;;;;;;;;;;;
músaensoos;—;GUIA;DA;PREVIDÊNCIA;SOCIAL;-;GPS;——;——;';;;;;;;;;;;;;;;
N;5.;IDENTIFICADOR;5—1.77;5.690/0004-34;1;;;;;;;;;;;;;;;;;;;;
1.;NOME;OU;RAZÃO;SOCIAL/FONE/ENDEREÇO;|;6.;VALORES;DO;INSS;!;3.121,55;';;;;;;;;;;;;;
FURUKAWA;INDUSTRIAL;S;À;PRODUTOS;ELETRICOS;:;!;"""=";;;;;;;;;;;;;;;;;
TELEFONE:;2105163905;7.;|;';;;;;;;;;;;;;;;;;;;;;
|;RRIOBRANCO,45/SALA;1209;-;CENTRO;CEP:;20090-003;RIO;DE;JANEIRO;RJ;——;"""";;;;;;;;;;;;;
.];2.;VENCIMENTO;—;9,;VALORES;DE;OUTRAS,,;';|;:;;;;;;;;;;;;;;;
.;(Uso;exclusivo;do;INSS);:;ENTIDADES;.;655,09;;;;;;;;;;;;;;;;;
N.;||;ATENÇÃO:;É;vedada;a;utilização;de;GPS;para;recolhimento;de;receita;de;valor;110.;ATM/IMULTA;E;;;;;;;;
-;l;jnferior;ao;estipulado;em;Resolução;publicada;pelo;INSS.;A;receita;que;resultar;JUROS;;;;;;;;;;;
valor;inferior;deverá;ser;adicionada;à;contribuição;ou;importancia;correspondente;;;;;;;;;;;;;;;;
||nos;meses;subseqiuentes,;até;que;o;tota!;seja;igual;ou;superior;aào;valor;mínimo;:;;;;;;;;;;;
:;];fixado.;"""";-;;;;;;;;;;;;;;;;;;;;;
'Obs;.;:;Nº;de;contribuintes:;2;';12.;AUTENTICAÇÃO;BANCÁRIA;;;;;;;;;;;;;;;
|;"""";2º;via;;;;;;;;;;;;;;;;;;;;;;
MANÇO9A;to5a34431;101007;2.776,;44C-GPSDIN';;;;;;;;;;;;;;;;;;;;;
”;.;”;?;!;-;l;;;;;;;;;;;;;;;;;;;
-;*;sd;*;;;;;;;;;;;;;;;;;;;;;;
PS;;;;;;;;;;;;;;;;;;;;;;;;;
&.;—;MINISTÉRIODA;PREVIDÊNCIAE;ASSISTÊNCIA;SOCIAL-MPAS!|3.;CÓDIGO;DE;|;2100;|;;;;;;;;;;;;;;;
áª?;INSTITUTO;NACIONAL;DO;SEGURO;SOCIAL-INSS;PAGAMENTO;-;——;,;;;;;;;;;;;;;;;;
NA;:;-;';4.;COMPETÊNCIA;09/2007;j;;;;;;;;;;;;;;;;;;
ssemecasoaas;—;GUIA;DA;PREVIDÊNCIA;SOCIAL;-;GPS;—;-;,;—;=;;;;;;;;;;;;;
M;5:;IDENTIFICADOR;|;571.775.690/0011-63;;;;;;;;;;;;;;;;;;;;;
1.;NOME;OU;RAZÃO;SOCIAL/IFONE/ENDEREÇO;"""";|6;VALORES;DOINSS;|;';1.26í;o7;|;;;;;;;;;;;;
FURUKAWA;INDUSTRIAL;S;AÀ;PRODUT;OS;ELETRICOS;——;1.;,;,;:;;;;;;;;;;;;;;
TELEFONE:;3134277233;7.;|;o;;;;;;;;;;;;;;;;;;;;;
AV;ANTONIO;ABRAO;CARAM,430/SL;104;-;PAMPULHA;CEP:;31275-000;BELO;'l;:;';;;;;;;;;;;;;
];HORIZONTEMG;';M;';:;—;";";;;;;;;;;;;;;;;;;;
2.;VENCIMENTO;";";9.;VALORES;DE;OUTRAS;;;;;;;;;;;;;;;;;;;
T;(Uso;exclusivo;do;INSS);ENTIDADES;á;248,564;|,;;;;;;;;;;;;;;;;;
TATENÇÃO:;É;vedada;a;utilização;de;GPS;para;recolhimento;de;receita;de;valor;|40.;ATMIMULTA;E;";";|;';;;;;;;
,;inferior;ao;estipulado;em;Resolução;publicada;pelo;INSS.;A;receita;que;resultar;JUROS;';;;;;;;;;;;
|;;;;;;;;;;;;;;;;;;;;;;;;;
';valor;inferior;deverá;ser;adicionada;à;contribuição;ou;importancia;correspondente;;;;;;;;;;;;;;;
nos;meses;subsequentes,;até;que;o;total;seja;igual;ou;superior;ao;valor;mínimo;o;i;e;;;;;;;;;
:|;fixado.;oSSSSCoSSCSOE;;;;;;;;;;;;;;;;;;;;;;;
!;.';11.;TOTAL;|;1.509,61;;;;;;;;;;;;;;;;;;;;
iT;Obs;.;:;Nº;de;contribuíntes:;1;-”;12.;AUTENTICAÇÃO;BANCÁRIA;;;;;;;;;;;;;;
,;MIRDO093;GSOSCI44;31;101007;1.509,61C;GPSPIH;;;;;;;;;;;;;;;;;;;
-;.;—;|;2via;;;;;;;;;;;;;;;;;;;;;
á;:;e;];;;;;;;;;;;;;;;;;;;;;;
-.;—;MINISTÉRIODA;PREVIDÊNCIA;E;ASSISTÊNCIA;SOCIAL-MPAS;|3:;CÓDIGO;DE;';2100;;;;;;;;;;;;;;
v;á&?;INSTITUTO;NACIONAL;DO;SEGURO;SOCIAL-INSS;—;PAGAMENTO;";";;;;;;;;;;;;;;;;
"""";rentéiscom;—;GUIA;DA;PREVIDÊNCIA;SOCIAL;-;GPS;-;.;:;;;;;;;;;;;;;;
&.;IDENTIFICADOR;51.775.690/0001-91;;;;;;;;;;;;;;;;;;;;;;;
1.;NOME;OU;RAZÃO;SOCIAL/FONE/ENDEREÇO;"""";6.;VALORES;DO;INSS;|;NM;373,960,54;;;;;;;;;;;;;
FURUKAWA;INDUSTRIAL;S;A;PRODUTOS;ELETRICOS;"""s";;;;;;;;;;;;;;;;;;;
RUA;HASDRUBAL;BELLEGARD,820;/;-;CIDADE;INDUSTRIAL;CEP:;81460-120;CURITIBA;8;"""";——;;;;;;;;;;;;;
PR;.;";";;;;;;;;;;;;;;;;;;;;;;;
2.;VENCIMENTO;';9.;VALORES;DE;OUTRAS.;;;;;;;;;;;;;;;;;;;
(Uso;exclusivo;do;INSS);ENTIDADES;44,298,84;;;;;;;;;;;;;;;;;;;;
ATENÇÃO:;É;vedada;a;utilização;de;GPS;para;recolhimento;de;receita;de;valor;[10.;ATM/MULTA;E;;;;;;;;;;
Inferior;ao;estipulado;em;Resolução;publicada;pelo;INSS.;A;receita;que;resultar;JUROS;;;;;;;;;;;;;
);vator;inferior;deverá;ser;adicionada;à;contribuição;ou;importancia;correspondente;;;;;;;;;;;;;;;
nos;meses;subseqientes,;até;que;o;tota!;seja;igual;ou;superior;ao;valor;mínimo;;;;;;;;;;;;
fixado.;|;—;!;;;;;;;;;;;;;;;;;;;;;;
11.;TOTAL;418.259,38;;;;;;;;;;;;;;;;;;;;;;;
Obs;.;:;Nº;de;contribuintes:;357;';12.;AUTENTICAÇÃO;BANCÁRIA;;;;;;;;;;;;;;;
d;|;2º;via;;;;;;;;;;;;;;;;;;;;;;
];;;;;;;;;;;;;;;;;;;;;;;;;
";";TIANÇO75;SOSPI443i;124107;418.259,;380;GPSDIN;;;;;;;;;;;;;;;;;;;
HP—__—___—*———_E_—__É——É,—XW;g;—;P;;;;;;;;;;;;;;;;;;;;;;
|;s;—;MINISTÉRIODA;PREVIDÊNCIA;E;ASSISTÊNCIA;SOCIAL-MPAS;3.;CÓDIGO;DE;2100;;;;;;;;;;;;;;
â&;INSTITUTO;NACIONAL;DO;SEGURO;SOCIAL-INSS;|;PAGAMENTO;;;;;;;;;;;;;;;;;;
|;SZ;-;4.;COMPETÊNCIA;10/2007;;;;;;;;;;;;;;;;;;;;
remeasoaa;—;GUIA;DA;PREVIDENCIA;SOCIAL;-;GPS;—;];oc;—————;;;;;;;;;;;;;;
o;5.;IDENTIFICADOR;51.775.690/0003-53;;;;;;;;;;;;;;;;;;;;;;
1.;NOME;OU;RAZÃO;SOCIAL/FONE/ENDEREÇO;6.;VALORES;DO;INSS;61.130,43;;;;;;;;;;;;;;;;
FURUKAWA;INDUSTRIAL;S;A;PRODUTOS;ELETRICOS;=;:;=;;;;;;;;;;;;;;;;;
AV;DAS;NACOES;UNIDAS,;11633;/;14;ANDAR;-;BROOKLIN;NOVO;CEP:;04578-901;SAO;——;;;;;;;;;;;
|;PAULO;SP;8.;|;;;;;;;;;;;;;;;;;;;;;
2.;VENCIMENTO;|;9.;VALORES;DE;OUTRAS;i;;;;;;;;;;;;;;;;;;
(Uso;exclusivo;do;INSS);ENTIDADES;-;";";6.376,68;;;;;;;;;;;;;;;;;;
ATENÇÃO:;É;vedada;a;utilização;de;GPS;para;recolhimento;de;receita;de;valor;10.;ATWMULTA;E;;;;;;;;;;
inferior;ao;estipulado;em;Resolução;publicada;pelo;INSS.;A;receita;que;resultar;JUROS;;;;;;;;;;;;;
valor;inferior;deverá;ser;adicionada;à;contribuição;ou;importancia;correspondente;;;;;;;;;;;;;;;;
nos;meses;subseqientes,;até;que;o;total;seja;ígual;ou;superior;ao;valor;mínimo;;;;;;;;;;;;
fixado.;7;;;;;;;;;;;;;;;;;;;;;;;;
';11.;TOTAL;";";67.507,11;;;;;;;;;;;;;;;;;;;;;
Obs;.;:;Nº;de;contribuintes:;21;"""";12.;AUTENTICAÇÃO;BANCÁRIA;;;;;;;;;;;;;;;
ETINGO76;GRBICIAADI;21107;67;.507;,;44C;GPSDIN;;;;;;;;;;;;;;;;;;
!;—;2êvia;;;;;;;;;;;;;;;;;;;;;;;
|;m—;=;"/""..'";-;;;;;;;;;;;;;;;;;;;;;
—m_—————-:__—__———-—ª.;;;;;;;;;;;;;;;;;;;;;;;;;
&;—;MINISTÉRIODA;PREVIDÊNCIA;E;ASSISTÊNCIA;SOCIAL-MPAS;|-;CÓDIGO;DE;";2100";,;;;;;;;;;;;;;;
á&?,;INSTITUTO;NACIONAL;DO;SEGURO;SOCIAL-INSS;PAGAMENTO;:;-;.;—;;;;;;;;;;;;;;;
NA;.;4.;COMPETÊNCIA;10/2007;|;;;;;;;;;;;;;;;;;;;;
rrentmasoom;—;(GUIA;DA;PREVIDENCIA;SOCIAL;-;GPS;——;;;;;;;;;;;;;;;;;
&.;IDENTIFICADOR;:81.775.690/0004-34;;;;;;;;;;;;;;;;;;;;;;;
11.;NOME;OU;RAZÃO;SOCIAL/FONE/ENDEREÇO;6.;VALORES;DO;INSS;5.998,17;|;;;;;;;;;;;;;;;
FURUKAWA;INDUSTRIAL;S;A;PRODUTOS;ELETRICOS;:;Ã.;:;:;;;;;;;;;;;;;;;;
];TELEFONE:;2105163905;7.;"""";|;;;;;;;;;;;;;;;;;;;;
R.RIO;BRANCO,45/SALA;1209;-;CENTRO;CEP:;20090-003;RIO;DE;JANEIRO;RJ;";";8;om;';;;;;;;;;;;
I;Ú;-;—;";";;;;;;;;;;;;;;;;;;;;;
º;—;2:VENCIMENTO;o;9.;VALORES;DE;OUTRAS;:;*;;;;;;;;;;;;;;;;
(Uso;exclusivo;do;INSS);ENTIDADES;U;1.413,486;-;;;;;;;;;;;;;;;;;;
|;ATENÇÃO:;É;vedada;a;utilização;de;GPS;para;recolhimento;de;receita;de;valor;|;10:;ATMW/MULTA;E;;;;;;;;
*;inferior;ao;estipulado;em;Resolução;publicada;pelo;INSS.;A;receita;que;resultar;JUROS;;;;;;;;;;;;
valor;inferior;deverá;ser;adicionada;à;contribuição;ou;importancia;correspondente;;;;;;;;;;;;;;;;
nos;meses;subsequentes,;até;que;o;total;seja;igua!;ou;superior;ao;valor;mínimo;|;;;;;;;;;;;
fixado.;|;;;;;;;;;;;;;;;;;;;;;;;;
Mxaco;11.;TOTAL;—;7.411,65;|;;;;;;;;;;;;;;;;;;;;
Obs;.;:;Nº;de;contribuintes:;2;o;|;';12.;AUTENTICAÇÃO;BANCÁRIA;;;;;;;;;;;;;
ITIOO77;SBSCIA491;121107;7.441,;45C;GPSDIN;;;;;;;;;;;;;;;;;;;;
2;via;;;;;;;;;;;;;;;;;;;;;;;;
—_———-——_——7_,_——9——-2———__—__%.;;;;;;;;;;;;;;;;;;;;;;;;;
“;o;—;MINISTÉRIODAPREVIDÊNCIAE;ASSISTÊNCIA;SOCIAL-MPAS;|3.;CÓDIGO;DE;2100;7;|;;;;;;;;;;;;;;
:;QÉ;INSTITUTO;NACIONAL;DO;SEGURO;SOCIAL-INSS;PAGAMENTO;;;;;;;;;;;;;;;;;;
À;Ó;-;.;4.;COMPETÊNCIA;10/2007;;;;;;;;;;;;;;;;;;;
sremteasons,;—;GUIA;DA;PREVIDENCIA;SOCIAL;-;GPS;—;j;;;;;;;;;;;;;;;;
8.;IDENTIFICADOR;981.775.690/0006-04;:;;;;;;;;;;;;;;;;;;;;;;
1.;NOME;OU;RAZÃO;SOCIAL/FONE/ENDEREÇO;|;—;6.;VALORES;DO;INSS;277846;-;;;;;;;;;;;;;
FURUKAWA;INDUSTRIAL;S;A;PRODUTOS;ELETRICOS;-;.;ieas;';:;;;;;;;;;;;;;;;
"""";TELEFONE:;5103375533;7.;”;t;;;;;;;;;;;;;;;;;;;;
—;RUA;ERNESTO;FONTOURA,;1479;/;SALA;801;-;SAO;GERALDO;CEP:;90230-780;PORTO;:;——;;;;;;;;;;
ALEGRERS;==;N;';;;;;;;;;;;;;;;;;;;;;;
2.;VENCIMENTO;*;9.;VALORES;DE;OUTRAS;*;*;;;;;;;;;;;;;;;;;
(Uso;exclusivo;do;INSS);ENTIDADES;—;UTS;648,56;.;;;;;;;;;;;;;;;;;
|;é;—;|ATENÇÃO:;É;vedada;a;utilização;de;GPS;para;recolhimento;de;receita;de;valor;|;10.;ATMIMULTA;E;;;;;;
F;inferior;ao;estipulado;em;Resolução;publicada;pelo;INSS.;A;receita;que;resultar;JUROS;;;;;;;;;;;;
|;valor;inferior;deverá;ser;adicionada;à;contribuição;ou;importancia;correspondente;“;;;;;;;;;;;;;;
nos;meses;subseqiúentes,;até;que;o;total;seja;igual;ou;superior;ao;valormínimo;—;|;-;—;7;—;;;;;;;
fixado.;|;!;;;;;;;;;;;;;;;;;;;;;;;
*;11.;TOTAL;3.427,02;;;;;;;;;;;;;;;;;;;;;;
";Obs";.;:;Nº;de;contribuintes:;1;|;';D;"""";—;12.;AUTENTICAÇÃO;BANCÁRIA;;;;;;;;;;;
IATAMOG76;SESP3A4291;12tio7;3.407,;2E;GPSNIN;;;;;;;;;;;;;;;;;;;;
2;-;|;.;7;2Q;via;;;;;;;;;;;;;;;;;;;
——áúú—-—-—ª—w——ªd——g_jª—GZW;;;;;;;;;;;;;;;;;;;;;;;;;
|;j;';;;;;;;;;;;;;;;;;;;;;;;
A;MINISTÉRIO;DA;PREVIDÊNCIA;E;ASSISTÊNCIA;SOCIAL-MPAS;|3.,CÓDIGO;DE.;.;1;2100;:;;;;;;;;;;;;;
_;©;INSTITUTO;NACIONAL;DO;SEGURO;SOCIAL-INSS;-J;PAGAMENTO;:;;;;;;;;;;;;;;;;
QNA;.;'|4.;COMPETÊNCIA;10/2007;;;;;;;;;;;;;;;;;;;;;
remmenasca;—;GUIA;DA;PREVIDÊNCIA;SOCIAL;-;GPS-—;"""F—————";";";:;:;:;;;;;;;;;;;;;
5.;IDENTIFICADOR;51.775.690/0011-63;:;;;;;;;;;;;;;;;;;;;;;;
1.;NOME;OU;RAZÃO;SOCIAL/FONE/ENDEREÇO;6.VALORES;DOINSS;|;—;2.407,86;;;;;;;;;;;;;;;;
FURUKAWA;INDUSTRIAL;S;À;PRODUTOS;ELETRICOS;1;SSA;:;;;;;;;;;;;;;;;;;
TELEFONE:;3134277233;T7;;;;;;;;;;;;;;;;;;;;;;;
AV;ANTONIO;ABRAO;CARAM,430;/;SL;104;-;PAMPULHA;CEP:;31275-000;BELO;l;”;——;;;;;;;;;;;
É;HORIZONTEMG;=;|8.;|;;;;;;;;;;;;;;;;;;;;;
"2;";VENCIMENTO;';9.;VALORES;DE;OUTRAS!;*;;;;;;;;;;;;;;;;;;
(Uso;exclusivo;do;INSS);';ENTIDADES;550,88;;;;;;;;;;;;;;;;;;;
1;*;JATENÇÃO:;É;vedada;a;utilização;de;GPS;para;recolhimento;de;recelta;de;valor;—;|10.;ATM/MULTA;E;:;|;;;;;
!;inferiór;ao;estipulado;em;Resolução;publicada;pelo;INSS.;À;receita;que;resultar;JUROS;=;|;;;;;;;;;;
|;valor;inferior;deverá;ser;adicionada;à;contribuição;ou;importancia;correspondente;;;;;;;;;;;;;;;
nos;meses;subseqitentes,;até;que;o;total;seja;igua!l;ou;superior;ao;valor;mínimo;:;j;;;;;;;;;;
fixado.;-;;;;;;;;;;;;;;;;;;;;;;;;
:;11.;TOTAL;1;2.958,74;;;;;;;;;;;;;;;;;;;;;
Obs;.;:;Nº;de;contribuintes:;1;12.;AUTENTICAÇÃO;BANCÁRIA;;;;;;;;;;;;;;;;
';MIANGO7O;SESPI34431;101107;"e.958;74C";GPSDIN;;;;;;;;;;;;;;;;;;;;
"""";|;;;;;;;;;;;;;;;;;;;;;;;;
);.;.;P;ia;;;;;;;;;;;;;;;;;;;;;
—__——f_àgx_________—'———_á'——___———_—n-;_____________=—-———_É_,—_——m;;;;;;;;;;;;;;;;;;;;;;;;
.;|;|;:;;;;;;;;;;;;;;;;;;;;;;
f;.;—;MINISTÉRIODAPREVIDÊNCIA;E;ASSISTÊNCIA;SOCIAL-MPAS;|3.;CÓDIGO;DE;2100;*;;;;;;;;;;;;;;
W;INSTITUTO;NACIONAL;DO;SEGURO;SOCIAL-INSS;PAGAMENTO;:;_;;;;;;;;;;;;;;;;;
SSA;R;4.;COMPETÊNCIA;11/2007;;;;;;;;;;;;;;;;;;;;;
rrenmenasoos;—;GUIA;DA;PREVIDENCIA;SOCIAL;-;GPS;——;];——;;;;;;;;;;;;;;;
|;5.;IDENTIFICADOR;51.775.690/0001-971;;;;;;;;;;;;;;;;;;;;;;
1.;NOME;OU;RAZÃO;SOCIAL/FONE/ENDEREÇO;6.;VALORES;DO;|NSS;";";331.865.17;;;;;;;;;;;;;;;
FURUKAWA;INDUSTRIAL;S;A;PRODUTOS;ELETRICOS;,;pA;;;;;;;;;;;;;;;;;;
TELEFONE:;4103414160;7T.;:;;;;;;;;;;;;;;;;;;;;;;
RUA;HASDRUBAL;BELLEGARD,620/;-;CIDADE;INDUSTRIAL;CEP:;81460-120;CURITIBA;8;|;|;TAA;]:;;;;;;;;;;;;
PR;:;';;;;;;;;;;;;;;;;;;;;;;;
2.;VENCIMENTO;o;9.;VALORES;DE;OUTRAS|;;;;;;;;;;;;;;;;;;;
(Uso;exclusivo;do;INSS);ENTIDADES;T;37.158,69;;;;;;;;;;;;;;;;;;;
ATENÇÃO:;É;vedada;a;utilização;de;GPS;para;recolhimento;de;receita;de;valor;-;|;410.;ATM/MULTA;E;;;;;;;;
inferior;ao;estipulado;em;Resolução;publicada;pelo;INSS.;A;receita;que;resultar;JUROS;';;;;;;;;;;;;
valor;inferior;deverá;ser;adicionada;à;contribuição;ou;Importancia;correspondente;!;;;;;;;;;;;;;;;
nos;meses;subseqientes,;até;que;o;total;seja;igual;ou;superior;ao;valor;mínimo;;;;;;;;;;;;
fixado.;——;——;);o;—;e;oc;s;";";;;;;;;;;;;;;;;;
11.;TOTAL;';369.023,86;|;;;;;;;;;;;;;;;;;;;;;
S;R;E;A;—;——;<<;N;);;;;;;;;;;;;;;;;;
Obs;.;:;Nº;de;contribuintes:;361;12.;AUTENTICAÇÃO;BANCÁRIA;:;;;;;;;;;;;;;;;
d;;;;;;;;;;;;;;;;;;;;;;;;;
|;i;;;;;;;;;;;;;;;;;;;;;;;;
';IIANÇO9S;SOSP34495;101207;3869;.6e3,88C;GPSUIN;I;;;;;;;;;;;;;;;;;;
ê;q.._;FPA;Px;;;;;;;;;;;;;;;;;;;;;;
:;|;ec;—;MINISTÉRIO;DA;PREVIDÊNCIA;E;ASSISTÊNCIA;SOCIAL-MPAS;|3-;CÓDIGO;DE;2400;';;;;;;;;;;;
âã?;INSTITUTO;NACIONAL;DO;SEGURO;SOCIAL-INSS;PAGAMENTO;—;;;;;;;;;;;;;;;;;;
";";:;x'-.,;p;.;4.;COMPETÊNCIA;11/2007;;;;;;;;;;;;;;;;;;
reevotvcasoar.;—;GUIA;DA;PREVIDENCIA;SOCIAL;-;GPS;:;x;;;;;;;;;;;;;;;;
]5.;IDENTIFICADOR;581.775.690/0003-53;;;;;;;;;;;;;;;;;;;;;;;
1.;NOME;OU;RAZÃO;SOCIAL/FONE/ENDEREÇO;6.;VALORES;DO;INSS;|;47.078;91;|;;;;;;;;;;;;;
';FURUKAWA;INDUSTRIAL;S;A;PRODUTOS;ELETRICOS;:;';;;;;;;;;;;;;;;;;
TELEFONE:;115515717;7.;|;';;;;;;;;;;;;;;;;;;;;;
AV;DAS;NACOES;UNIDAS,;11633;/;14;ANDAR;-;BROOKLIN;NOVO;CEP:;04578-901;SAO;';--;";";;;;;;;;;
PAULO;SP;8.;d;“;;;;;;;;;;;;;;;;;;;;;
2.;VENCIMENTO;';19.;VALORES;DE;OUTRAS!;|;;;;;;;;;;;;;;;;;;
(Uso;exclusivo;do;INSS);:;ENTIDADES;!;|;4.208,82;;;;;;;;;;;;;;;;;
ATENÇÃO:;É;vedada;a;utilização;de;GPS;para;recolhimento;de;receita;de;valor;!||40.;ATM/MULTA;E;|;;;;;;;;;
inferior;ao;estipulado;em;Resolução;publicada;pelo;INSS.;A;receita;que;resultar;JUROS;';!;;;;;;;;;;;
valor;inferior;deverá;ser;adicionada;à;contribuição;ou;importancia;correspondente;|;;;;;;;;;;;;;;;
nos;meses;subseqiuentes,;até;que;o;total;seja;igual;ou;superior;ao;valor;mínimo;|;|;;;;;;;;;;
fixado.;om;*;o;;;;;;;;;;;;;;;;;;;;;;
,;';);11.;TOTAL;51.287,73;;;;;;;;;;;;;;;;;;;;
Obs;.;:;Nº;de;contribuintes:;21;*;12.;AUTENTICAÇÃO;BANCÁRIA;;;;;;;;;;;;;;;
"""";;;;;;;;;;;;;;;;;;;;;;;;;
2º;via;;;;;;;;;;;;;;;;;;;;;;;;
TANGOSA;SBSPSA44DÍ;101007;54.287,743L;GPSDIN;;;;;;;;;;;;;;;;;;;;;
NA;«;[;;;;;;;;;;;;;;;;;;;;;;;
õ;*];';|;;;;;;;;;;;;;;;;;;;;;;
e;—;MINISTÉRIO;DA;PREVIDÊNCIA;E;ASSISTÊNCIA;SOCIAL-MPAS;3.;CÓDIGO;DE;2100;N.;;;;;;;;;;;;;
w'?;—;—;INSTITUTO;NACIONAL;DO;SEGURO;SOCIAL-INSS;-;PAGAMENTO;|;;;;;;;;;;;;;;;
];e;.;.;4.;COMPETÊNCIA;11/2007;|;;;;;;;;;;;;;;;;;;
meem;—;GUIA;DA;PREVIDÊNCIA;SOCIAL-GPS;&;";";;;;;;;;;;;;;;;;;;
&.;IDENTIFICADOR;1;571.775.690/0004-34;;;;;;;;;;;;;;;;;;;;;;
DD;a;s;een;Sn;——;:;;;;;;;;;;;;;;;;;;;
1.;NOME;OU;RAZÃO;SOCIAL/FONE/ENDEREÇO;6.;VALORES;DO;INSS;3.121,55;;;;;;;;;;;;;;;;
);FURUKAWA;INDUSTRIAL;S;A;PRODUTOS;ELETRICOS;—;_________,__;;;;;;;;;;;;;;;;;
|;TELEFONE:;2105163905;7.;';';NNN;;;;;;;;;;;;;;;;;;;
R.RIO;BRANCO,45/SALA;1209;-;CENTRO;CEP:;20090-003;RIO;DE;JANEIRO;RJ;-;:;";";;;;;;;;;;;;
:;2.;VENCIMENTO;|;';9.;VALORES;DE;OUTRAS;*;;;;;;;;;;;;;;;;
.];(Uso;exclusivo;do;INSS);|;ENTIDADES;:;655,09;;;;;;;;;;;;;;;;;
h;.;ATENÇÃO:;É;vedada;a;utilização;de;GPS;para;recolhimento;de;receita;de;valor;—;|10.;ATM/MULTA;E;|;;;;;;
Í;.;tinferior;ao;estipulado;em;Resolução;publicada;pelo;INSS.;A;receita;que;resultar;—;JUROS;;;;;;;;;;
-;vator;inferior;deverá;ser;adicionada;à;contribuição;ou;importancia;correspondente;;;;;;;;;;;;;;;
nos;meses;subseqientes,;até;que;o;total;seja;igual;ou;superior;ao;valor;mínimo;|;|;;;;;;;;;;
fixado.;';!;:;;;;;;;;;;;;;;;;;;;;;;
';11.;TOTAL;|,;3.776,64;|;;;;;;;;;;;;;;;;;;;;
Obs;.;:;Nº;de;contribuintes:;2;';12.;AUTENTICAÇÃO;BANCÁRIA|;;;;;;;;;;;;;;;
E;;;;;;;;;;;;;;;;;;;;;;;;;
1;-;;;;;;;;;;;;;;;;;;;;;;;;
';i;7;2º;via;;;;;;;;;;;;;;;;;;;;;
[ITANOO97;SOS23I449i;101207;3.774,64C;GPSBDIN;;;;;;;;;;;;;;;;;;;;;
X;;;;;;;;;;;;;;;;;;;;;;;;;
E;MINISTÉRIO;DA;PREVIDÊNCIA;E;ASSISTÊNCIA;SOCIAL-MPAS;|3.;CÓDIGO;DE;2100;i;;;;;;;;;;;;;;
É&ª;—;—;INSTITUTO;NACIONAL;DO;SEGURO;SOCIAL-INSS;PAGAMENTO;v;!;;;;;;;;;;;;;;;
NSAA;.;4.;COMPETÊNCIA;11/2007;,;;;;;;;;;;;;;;;;;;;;
||;reanmaasoos;—;GUIA;DA;PREVIDÊNCIA;SOCIAL;-;GPS--—;——;*;:;;;;;;;;;;;;;;
:;];5.;IDENTIFICADOR;'51.775.690/0006-04;,;;;;;;;;;;;;;;;;;;;;
"""";.;.;-;ee;É;c;——;__-——_——_L;;;;;;;;;;;;;;;;;
1.;NOME;OU;RAZÃO;SOCIAL/FONE/ENDEREÇO;6.;VALORES;DO;INSS;—1'534;53;:;;;;;;;;;;;;;;
FURUKAWA;INDUSTRIAL;S;À;PRODUTOS;ELETRICOS;—;';);;;;;;;;;;;;;;;;;
TELEFONE:;5103375533;7;';;;;;;;;;;;;;;;;;;;;;;
RUA;ERNESTO;FONTOURA,;1479;/;SALA;801;-;SAO;GERALDO;CEP:;90230-1;80;PORTO;:;!;|;;;;;;;;;
|';ALEGRE;RS;,;8.;.;|;É;;;;;;;;;;;;;;;;;;
'|;2.;VENCIMENTO;";";.19,;VALORES;DE;OUTRAS!|;|;;;;;;;;;;;;;;;;;
';(Uso;exclusivo;do;INSS);|;ENTIDADES;320,63;|;;;;;;;;;;;;;;;;;
I;ATENÇÃO:;É;vedada;a;utilização;de;GPS;para;recolhimento;de;receita;de;valor;-;[10.;ATM/MULTA;E;*;;;;;;;
inferior;ao;estipulado;em;Resolução;publicada;peljo;INSS.;À;receita;que;resultar;JUROS;:;;;;;;;;;;;;
valor;Inferior;deverá;ser;adicionada;à;contribuição;ou;importancia;correspondente;';;;;;;;;;;;;;;;
nos;meses;subseqilentes,;até;que;o;total;seja;igual;ou;superior;ao;valor;minimo;|;;;;;;;;;;;
fixado.;—;:;y?;;;;;;;;;;;;;;;;;;;;;;
'I;11.;TOTAL;1.855,16;;;;;;;;;;;;;;;;;;;;;;
'Obs.;:;Nº;de;contribuintes:;1;12.;AUTENTICAÇÃO;BANCÁRIA;;;;;;;;;;;;;;;;;
2ºvia;;;;;;;;;;;;;;;;;;;;;;;;;
MIAMGOSA;SOSCIA426;1010207;1.;855,;1460;GPSDIH;;;;;;;;;;;;;;;;;;;
F:—É—Í_:C—_É—__—*_—Z-;—;o;ES;—;—;——;E;);—;——;——————;—;—;——;..—;—;s;>;m—;2—;—;—;;;
[;.;—;—;MINISTÉRIODAPREVIDÊNCIAE;ASSISTÊNCIA;SOCIAL-MPAS;3.;CÓDIGO;DE;2100;[);;;;;;;;;;;;;;
:;W;';—;INSTITUTO;NACIONAL;DO;SEGURO;SOCIAL-INSS;);—;PAGAMENTO;A;;;;;;;;;;;;;
UA;|;.;4.;COMPETÊNCIA;11/2007;;;;;;;;;;;;;;;;;;;;
|;PrentnIA;soaa;GUIA;DA;PREVIDÊNCIA;SOCIAL;-;GPS;——;|;——;";";;;;;;;;;;;;;
';5.;IDENTIFICADOR;);81.7798.;690/0011-63;;;;;;;;;;;;;;;;;;;;
1.;NOME;OU;RAZÃO;SOCIAL/FONE/ENDEREÇO;6.;VALORES;DOINSS;—=|;1.316,51;';;;;;;;;;;;;;;;
"""";FURUKAWA;INDUSTRIAL;S;A;PRODUTOS;ELETRICOS;!;:;';'í;;;;;;;;;;;;;;;
|;TELEFONE:;3134277233;d7.;';';';;;;;;;;;;;;;;;;;;;
i1';AVANTONIO;ABRAO;CARAM,430/SL;104;-;PAMPULHA;CEP:;31275-000;BELO;T;o;,;;;;;;;;;;;;;
||;HORIZONTE;MG;1);8;:;:;;;;;;;;;;;;;;;;;;;
2.;VENCIMENTO;Í;';9.;VALORES;DE;OUTRAS;-;/;;;;;;;;;;;;;;;;
(Uso;exclusivo;do;INSS);|;ENTIDADES;1;263,15;;;;;;;;;;;;;;;;;;
ATENÇÃO:;É;vedada;a;ulilização;de;GPS;para;recolhimento;de;receita;de;valor;(;10.;"ATM/""MULTA";E;|;';';;;;;;
,;inferior;ao;estipulado;em;Resolução;publicada;pelo;INSS.;A;receita;que;resultar;1;—;JUROS;|;|;;;;;;;;
valor;inferior;deverá;ser;adicionada;à;contribuição;ou;importancia;correspondente;|;;;;;;;;;;;;;;;
nos;meses;subseqúentes,;até;que;o;total;seja;igual;ou;superior;ao;valor;mínimo;|;NNN;L;"""";|;;;;;;;
';fixado.;';";";';;;;;;;;;;;;;;;;;;;;;
,;ix;!;11.;TOTAL;l;1.579,66;;;;;;;;;;;;;;;;;;;
Obs;.;";";Nº;de;contribuintes:;1;12.;AUTENTICAÇÃO;BANCÁRIA;;;;;;;;;;;;;;;;
';.;/;2;via.;;;;;;;;;;;;;;;;;;;;;
MTANOO99;SESPI4A43S;1010207;5.579,460;GFSDIN;;;;;;;;;;;;;;;;;;;;;
.(;-;;;;;;;;;;;;;;;;;;;;;;;;
|;V;;;;;;;;;;;;;;;;;;;;;;;;
RSA;MINISTÉRIO;DA;PREVIDÊNCIA;E;ASSISTÊNCIA;SOCIAL-MPAS;|3.;CÓDIGO;DE;1:2700;';;;;;;;;;;;;;;
|;Qâª;INSTITUTO;NACIONAL;DO;SEGURO;SOCIAL-INSS;—;PAGAMENTO;:;—;;;;;;;;;;;;;;;
NA;.;';4.;COMPETÊNCIA;13/2007;,;;;;;;;;;;;;;;;;;;;
menbeisoos;—;GUIA;DA;PREVIDÊNCIA;SOCIAL;-;GPS;:;:;';;;;;;;;;;;;;;;
o;&.;IDENTIFICADOR;:51.775.690/00071-91;;;;;;;;;;;;;;;;;;;;;;
1.;NOME;OU;RAZÃO;SOCIAL/FONE/ENDEREÇO;—;ES;6.;VALORES;DO;INSS;";";329.014,01;j;;;;;;;;;;;;
FURUKAWA;INDUSTRIAL;S;A;PRODUTOS;ELETRICOS;:;|;;;;;;;;;;;;;;;;;;
TELEFONE:;4103414160;7.;,;”;;;;;;;;;;;;;;;;;;;;;
RUA;HASDRUBAL;BELLEGARD,;820;/;-;CIDADE;INDUSTRIAL;CEP:;81460-120;CURITIBA;8;|;;;;;;;;;;;;;
PR;.;';;;;;;;;;;;;;;;;;;;;;;;
2.;VENCIMENTO;l;';9.;VALORESDEOUTRAS|;|À|;i;.;;;;;;;;;;;;;;;;;
(Uso;exclusivo;do;INSS);ENTIDADES;:;38,051,43;;;;;;;;;;;;;;;;;;;
ATENÇÃO:;É;vedada;a;utilização;de;GPS;para;recolhimento;de;receita;de;valor;[10,;ATMWMULTA;E;;;;;;;;;;
inferior;ao;estipulado;em;Resolução;publicada;pelo;INSS.;A;receita;que;resultar;|;—;JUROS;;;;;;;;;;;
-);valor;inferior;deverá;ser;adicionada;à;contribuição;ou;importancia;correspondente;;;;;;;;;;;;;;;
nos;meses;subseqientes,;até;que;o;total;seja;igual;ou;superior;ao;valor;mínimo;o;"""";|;;;;;;;;;
fixado.;oc;——;;;;;;;;;;;;;;;;;;;;;;;
11.;TOTAL;:;,;367.065,44;;;;;;;;;;;;;;;;;;;;;
Obs;.;:;Nº;de;contribuintes:;356;';';12.;AUTENTICAÇÃO;BANCÁRIA;;;;;;;;;;;;;;
a;a;—;=;——;"____;_____%2”_%";;;;;;;;;;;;;;;;;;;;
ETNIO0A7;SBSCIAA43I;191207;367;.;06u,;440;GFSUIN;;;;;;;;;;;;;;;;;;
[;M;A;AA;A;A;.;li;;;;;;;;;;;;;;;;;;
*;|;;;;;;;;;;;;;;;;;;;;;;;;
ee;MINISTÉRIODA;PREVIDÊNCIA;E;ASSISTÊNCIA;SOCIAL-MPAS;3.CÓDIGODE-—;——;|2190;|;;;;;;;;;;;;;;;;
ê?a;INSTITUTO;NACIONAL;DO;SEGURO;SOCIAL-INSS;|;PAGAMENTO;—;;;;;;;;;;;;;;;;;
UN;.;||;4.;COMPETÊNCIA;);13/2007;J;;;;;;;;;;;;;;;;;;
menteoasoor.;—;GUIA;DA;PREVIDÊNCIA;SOCIAL-GPS;:;—;-;—;;;;;;;;;;;;;;;;
';5.;IDENTIFICADOR;);51.775.690/0003-53;|;;;;;;;;;;;;;;;;;;;;
1.;NOME;OU;RAZÃO;SOCIAL/IFONE/ENDEREÇO;—;—;Tg.;vALORES;DO;INSS;34.071,92;|;;;;;;;;;;;;;
FURUKAWA;INDUSTRIAL;SA;PRODUTOS;ELETRICOS;i;J;-;ANA;À;;;;;;;;;;;;;;;;
TELEFONE:;115515717;|;7.;,;:;,:;;;;;;;;;;;;;;;;;;;
AV;DAS;NACOES;UNIDAS,;11633;/;14;ANDAR;-;BROOKLIN;NOVO;CEP:;04578-901;SAO;o;|——;J;;;;;;;;;
PAULO;SP;D;|8.;:;';;;;;;;;;;;;;;;;;;;;
';2.;VENCIMENTO;——;|-;||;9.;VALORES;DE;OUTRAS;';";";;;;;;;;;;;;;;
(Uso;exclusivo;do;INSS);:1”;ENTIDADES;T;4.433,22;;;;;;;;;;;;;;;;;;
|;ATENÇÃO:;É;vedada;a;utilização;de;GPS;para;recolhimento;de;receita;de;valor;1140.;ATM/MULTA;E;';T7;;;;;;;
t;inferior;ao;estipulado;em;Resolução;publicada;pelo;INSS.;A;receita;que;resultar;Á;1;JUROS;|;|;;;;;;;;
!;valor;inferior;deverá;ser;adicionada;à;contribuição;ou;importancia;correspondente;:;|,;';!;;;;;;;;;;;
í;nos;meses;subseqúentes,;até;que;o;total;seja;igual;ou;superior;ao;valor;mínimo;',;';|;;;;;;;;
fixado.;:;';-;:;;;;;;;;;;;;;;;;;;;;;
|;||11.;ToTAL;38.505,14;;;;;;;;;;;;;;;;;;;;;;
Obs;.;:;Nº;de;contribuintes:;21;';12.;AUTENTICAÇÃO;BANCÁRIA;;;;;;;;;;;;;;;
:;|;o;2º;via;;;;;;;;;;;;;;;;;;;;;
MINNG006;SoS2A3A43L;191207;38.505,14C;GFSDIN;;;;;;;;;;;;;;;;;;;;;
';.ªf';Ú;ªl;;;;;;;;;;;;;;;;;;;;;;
o;—;MINISTÉRIODA;PREVIDÊNCIA;E;ASSISTÊNCIA;SOCIAL-MPAS;|3.;CÓDIGO;DE;2100;;;;;;;;;;;;;;;
&É;—;—;INSTITUTO;NACIONAL;DO;SEGURO;SOCIAL-INSS;——ó;PAGAMENTO;—;|;—;';;;;;;;;;;;;
A;.;|;4.;COMPETÊNCIA;13/2007;;;;;;;;;;;;;;;;;;;;
|;sam;—;GUIA;DA;PREVIDENCIA;SOCIAL;-;GPS;—;';:;—;;;;;;;;;;;;;
,;5.;IDENTIFICADOR;51.775.690/0004-34;;;;;;;;;;;;;;;;;;;;;;
1.;NOME;OU;RAZÃO;SOCIAL/FONE/ENDEREÇO;6.;VALORES;DO;INSS;3.652,23;;;;;;;;;;;;;;;;
FURUKAWA;INDUSTRIAL;S;A;PRODUTOS;ELETRICOS;—;—;;;;;;;;;;;;;;;;;;
TELEFONE:;2105163905;7.;);;;;;;;;;;;;;;;;;;;;;;
);RRIOBRANCO,45/SALA;1209;-;CENTRO;CEP:;20090-003;RIO;DE;JANEIRO;RJ;8;-;;;;;;;;;;;;;
2.;VENCIMENTO;';9.;VALORES;DE;OUTRAS|;||;;;;;;;;;;;;;;;;;;
(Uso;exclusivo;do;INSS);.;ENTIDADES;|;794,99;;;;;;;;;;;;;;;;;;
A;ATENÇÃO:;É;vedada;a;utilização;de;GPS;para;recolhimento;de;receita;de;valor;[10.;ATM/IMULTA;E;|;:;|;;;;;;
inferior;ao;estipulado;em;Resolução;publicada;pelo;INSS,;A;receita;queresultar;|;—;JUROS;í;;;;;;;;;;;
|;J;valor;inferior;deverá;ser;adicionada;à;contribuição;ou;importancia;correspondente;T;;;;;;;;;;;;;
nos;meses;subsequentes,;até;que;o;total;seja;igual;ou;superior;ao;valor;mínimo;|;';;;;;;;;;;
:;fixado.;oc;—————;-;;;;;;;;;;;;;;;;;;;;;
|;11.;TOTAL;|;4.447,22;;;;;;;;;;;;;;;;;;;;;
:;Obs;.;:;Nº;de;contribuintes:;2;o;12.;AUTENTICAÇÃO;BANCÁRIA;:;;;;;;;;;;;;;
'í;;;;;;;;;;;;;;;;;;;;;;;;;
|;;;;;;;;;;;;;;;;;;;;;;;;;
s;=;_———.—————ªl.[;;;;;;;;;;;;;;;;;;;;;;;
ITINNÇ005;SDOSPIA439i;19iPO7;4,;447;,;00D;GPSDIW;;;;;;;;;;;;;;;;;;
m;MINISTÉRIO;DA;PREVIDÊNCIA;E;ASSISTÊNCIA;SOCIAL:MPAS;|3.;CODIGO;DE;:|;2400;[;;;;;;;;;;;;;
,;W;INSTITUTO;NACIONAL;DO;SEGURO;SOCIAL-INSS;—;PAGAMENTO;—;—;*;|;;;;;;;;;;;;;
QNA;.;4.;COMPETÊNCIA;|;13/2007;|;;;;;;;;;;;;;;;;;;;
mentbeisoos;—;GUIA;DA;PREVIDÊNCIA;SOCIAL;-;GPS;.;—;-;;;;;;;;;;;;;;;
-;5.;IDENTIFICADOR;);51.775.690/0006-04;1;;;;;;;;;;;;;;;;;;;;
"""";—;'._;—;..—;ôa.Ôuôssms—;s;;;;;;;;;;;;;;;;;;;
1.;NOME;OU;RAZÃO;SOCIAL/FONE/ENDEREÇO;—;6.;VALORES;DO;INSS;];|;1.77023;|;;;;;;;;;;;;
FURUKAWA;INDUSTRIAL;S;A;PRODUTOS;ELETRICOS;—;_;——;;;;;;;;;;;;;;;;;
TELEFONE:;9103375533;7.;:;o;;;;;;;;;;;;;;;;;;;;;
RUA;ERNESTO;FONTOURA,;1479;/;SALA;801;-;SAO;GERALDO;CEP:;90230-180;PORTO;7;';;;;;;;;;;;
ALEGRE;RS;o;8.;d.;:;;;;;;;;;;;;;;;;;;;;
|;2.;VENCIMENTO;';9.;VALORES;DE;OUTRAS|,;“;;;;;;;;;;;;;;;;;
(Uso;exclusivo;do;INSS);ENTIDADES;1,;382,76;;;;;;;;;;;;;;;;;;;
';ATENÇÃO:;É;vedada;a;utilização;de;GPS;para;recolhimento;de;receita;de;valor;|[10.;ATM/MULTA;E;|;";";;;;;;;
t;inferior;ao;estipulado;em;Resolução;publicada;pelo;INSS.;A;receita;que;resultar;JUROS;|;;;;;;;;;;;
valor;inferior;deverá;ser;adicionada;à;contribuição;ou;importancia;correspondente;|;';;;;;;;;;;;;;;
nos;meses;subsequentes,;até;que;o;total;seja;ígual;ou;superior;ao;valor;mínimo;|;|;;;;;;;;;;
fixado.;.;——;|;;;;;;;;;;;;;;;;;;;;;;
º;11.;TOTAL;|;2,152,99;;;;;;;;;;;;;;;;;;;;;
|;Obs;.;:;Nº;de;contribuintes:;1;*;12.;AUTENTICAÇÃO;BANCÁRIA;|;;;;;;;;;;;;;
|;|;i;2;via;;;;;;;;;;;;;;;;;;;;;
[IANÇORA;Sgspg44as;191P07;2.158,990;GPSDIN;;;;;;;;;;;;;;;;;;;;;
E;A;PM;:;;;;;;;;;;;;;;;;;;;;;;
[;:;(.;|;];";";;;;;;;;;;;;;;;;;;;;
a;';(;7;:;|;;;;;;;;;;;;;;;;;;;;
f;MINISTÉRIO;DA;PREVIDÊNCIA;E;ASSISTÊNCIA;SOCIAL-MPAS;3.;CÓDIGO;DE;_;;;;;;;;;;;;;;;
.;á&ã;INSTITUTO;NACIONAL;DO;SEGURO;SOCIAL-INSS;];—PAGAMENTO;;;;;;;;;;;;;;;;;
prenmencasoom;—;GUIA;DA;PREVIDÊNCIA;SOCIAL-GPS;=;,;;;;;;;;;;;;;;;;;;
';c;T5;IDENTIFICADOR;51.775.690/901;1-63;;;;;;;;;;;;;;;;;;;;
1.;NOME;OU;RAZÃO;SOCIAUFONE/ENDEREÇO;6.;VALORES;DO;INSS;1.547,39;;;;;;;;;;;;;;;;
FURUKAWA;INDUSTRIAL;S;A;PRODUTOS;ELETRICOS;iL;sA;;;;;;;;;;;;;;;;;;
—;TELEFONE:;3134277233;d7oo;/;';;;;;;;;;;;;;;;;;;;;
—;AVANTONIO;ABRAO;CARAM,430/SL;104;-;PAMPULHA;"CEP:;";31275-000;BELO;|;";";;;;;;;;;;;;;;
HORIZONTE;MG;';8.;i;|;;;;;;;;;;;;;;;;;;;;
|;2.;VENCIMENTO;9.;VALORES;DE;OUTRAS|;i;""")";;;;;;;;;;;;;;;;;
(Uso;exclusivo;do;INSS);"""";ENTIDADES;:;324,01;;;;;;;;;;;;;;;;;;
|;ATENÇÃO:;É;vedada;a;utilização;de;GPS;para;recolhimento;de;receita;de;valor;-;[10.;ATM/MULTA;E;";";—;!;;;;;
[;inferior;ao;estipulado;em;Resolução;publicada;pelo;INSS.;A;receita;que;resuttar;|';JUROS;|;;;;;;;;;;
t;valor;inferior;deverá;ser;adicionada;à;contribuição;ou;importancia;correspondente;|;|;;;;;;;;;;;;;
nos;meses;subseqientes,;até;que;o;total;seja;igual;ou;superior;ao;valor;mínimo;|;:;;;;;;;;;;
fixado.;a;——;-;;;;;;;;;;;;;;;;;;;;;;
*;11.;TOTAL;l;1.871,40;;;;;;;;;;;;;;;;;;;;;
Obs;.;:;Nº;de;contribuintes:;1;12.;AUTENTICAÇÃO;BANCÁRIA;;;;;;;;;;;;;;;;
|:;o;—;!;2º;via;;;;;;;;;;;;;;;;;;;;
MIRNO0O3;SOSCI4495;191207;4;871,40C;GPSDIR;;;;;;;;;;;;;;;;;;;;
a;E;A;——;;;;;;;;;;;;;;;;;;;;;;
H;;;;;;;;;;;;;;;;;;;;;;;;;
MINISTÉRIO;DA;PREVIDÊNCIA;E;ASSISTÊNCIA;SOCIAL-MPAS;|3.;CODIGO;DE;2100;;;;;;;;;;;;;;;;
.;w;:;—;INSTITUTO;NACIONAL;DO;SEGURO;SOCIAL-INSS;PAGAMENTO;D;RS;_;;;;;;;;;;;;;
1;RAA;.;4.;COMPETÊNCIA;12/2007;;;;;;;;;;;;;;;;;;;;
rrevoivcasoar;—;GUIA;DA;PREVIDENCIA;SOCIAL;-;GPS;,;——;;;;;;;;;;;;;;;;
5.;IDENTIFICADOR;-51.775.690/00071-91;;;;;;;;;;;;;;;;;;;;;;;
FURUKAWA;INDUSTRIAL;S;AÀ;PRODUTOS;ELETRICOS;:;);:;"""=";;;;;;;;;;;;;;;;
TELEFONE:;4103414160;7.;";";;;;;;;;;;;;;;;;;;;;;;
RUA;HASDRUBAL;BELLEGARD,820;/;-;CIDADE;INDUSTRIAL;CEP:;81460-120;CURITIBA;8;|;,_—'—__;;;;;;;;;;;;;
PR;.;';-;:;;;;;;;;;;;;;;;;;;;;;
2.;VENCIMENTO;9.VALORES;DE;OUTRAS|.;:;RA;GA;;;;;;;;;;;;;;;;;;
(Uso;exclusivo;do;INSS);';ENTIDADES;!;l,;40.220,24;;;;;;;;;;;;;;;;;
ATENÇÃO:;É;vedada;a;utilização;de;GPS;para;recolhimento;de;receita;de;valor;-;|;40.;ATM/MULTA;E;';;;;;;;
inferior;ao;estipulado;em;Resolução;publicada;pelo;INSS.;A;receita;que;resultar;JUROS;';;;;;;;;;;;;
*;|;valor;inferior;deverá;ser;adicionada;à;contribuição;ou;importancia;correspondente;"||;";';;;;;;;;;;;;
nos;meses;subseqiuentes,;até;que;o;total;seja;igual;ou;superior;ao;valor;mínimo;;;;;;;;;;;;
fixado.;IF;";";;;;;;;;;;;;;;;;;;;;;;;
i;1);11.;TOTAL;*;399.015,50;';';;;;;;;;;;;;;;;;;;
:Obs;.;:;Nº;de;contribuintes:;357;FEoSs;12.;AUTENTICAÇÃO;BANCÁRIA!;;;;;;;;;;;;;;;
|;[IIBMÍ.EQ;JOSLI443L;S0010B;_3?9_2915,;390;GPSTDIN;ç;;;;;;;;;;;;;;;;;;
*l;|;';P;.;".""—-—.""_-'""";":;.-";mem;clA;.;2a;VIa;;;;;;;;;;;;;;
m;c;c;a;A;o;to;o;a;a;t;,;t;a;a;o;—;Am;el;;;;;;;
A;A;o;e;—;;;;;;;;;;;;;;;;;;;;;
s;MINISTÉRIO;DA;PREVIDÊNCIA;E;ASSISTÊNCIA;SOCIAL-MPAS;|3.;CÓDIGO;DE;2100;';|;;;;;;;;;;;;;
©;INSTITUTO;NACIONAL;DO;SEGURO;SOCIAL-INSS;PAGAMENTO;;;;;;;;;;;;;;;;;;;
SN;.;4.;COMPETÊNCIA;[12/2007;;;;;;;;;;;;;;;;;;;;;
menenascas;—;GUIA;DA;PREVIDENCIA;SOCIAL;-;GPS;,;";";;;;;;;;;;;;;;;;
5.;IDENTIFICADOR;81.775.690/0003-53;;;;;;;;;;;;;;;;;;;;;;;
1.;NOME;OU;RAZÃO;SOCIALIFONE/ENDEREÇO;6.;VALORES;DO;INSSs;—;|;47,132;02;;;;;;;;;;;;;
FURUKAWA;INDUSTRIAL;S;A;PRODUTOS;ELETRICOS;';';:;:;;;;;;;;;;;;;;;;
TELEFONE:;115515717;7.;F;";";;;;;;;;;;;;;;;;;;;;;
AV;DAS;NACOES;UNIDAS,;11633;/;14;ANDAR;-;BROOKLIN;NOVO;CEP:;04578-901;SAO;o;.;;;;;;;;;;
PAULO;SP;';E;|8.;:;;;;;;;;;;;;;;;;;;;;
2.;VENCIMENTO;R;9.;VALORES;DE;OUTRAS;;;;;;;;;;;;;;;;;;;
(Uso;exclusivo;do;INSS);*;ENTIDADES;4.210,73;|;;;;;;;;;;;;;;;;;;
ATENÇÃO:;É;vedada;a;"utilízaç.ã;";de;GPS;para;recolhimento;de;receita;de;vator;+|10.;ATM/MULTA;E;";";;;;;;;;;
inferior;ao;estipulado;em;Resolução;publicada;pelo;INSS.;A;receita;que;resultar;JUROS;|;;;;;;;;;;;;
valor;inferior;deverá;ser;adicionada;à;contribuição;ou;Importancia;correspondente;:;!;";";;;;;;;;;;;;;
nos;meses;subsequentes,;até;que;o;total;seja;igual;ou;superior;ao;valor;mínimo;m;o;;;;;;;;;;
fixado.;T;EE;o;cccc;;;;;;;;;;;;;;;;;;;;;
T11.;TOTAL;51.342,75;;;;;;;;;;;;;;;;;;;;;;;
'Obs;.;:;Nº;de;contribuintes:;21;12.;AUTENTICAÇÃO;BANCÁRIA;;;;;;;;;;;;;;;;
|;RA;|;SSSA;|;2;via;;;;;;;;;;;;;;;;;;;
MScA;SBSC34A4D8;189108;Si.s42,;755;GPEDITS;;;;;;;;;;;;;;;;;;;;
&;—;—;MINISTÉRIODA;PREVIDÊNCIA;E;ASSISTÊNCIA;SOCIAL-MPAS;|3.;CÓDIGO;DE;2100;;;;;;;;;;;;;;
É«ª;INSTITUTO;NACIONAL;DO;SEGURO;SOCIAL-INSS;PAGAMENTO;;;;;;;;;;;;;;;;;;;
X;Ó;';-;4.;COMPETÊNCIA;12/2007;;;;;;;;;;;;;;;;;;;
amesicasoos.;—;GUIA;DA;PREVIDENCIA;SOCIAL;-;GPS;';;;;;;;;;;;;;;;;;
S.;IDENTIFICADOR;381.775.690/0004-34;;;;;;;;;;;;;;;;;;;;;;;
1.;NOME;OU;RAZÃO;SOCIAL/FONE/ENDEREÇO;6.;VALORES;DO;INSS;.;3.243,61;:;;;;;;;;;;;;;;
FURUKAWA;INDUSTRIAL;S;A;PRODUTOS;ELETRICOS;—;—;á;:;';;;;;;;;;;;;;;;
TELEFONE:;2105163905;7.;';*;';';;;;;;;;;;;;;;;;;;;
R.RIO;BRANCO,45/;SALA;1209;-;CENTRO;CEP:;20090-003;RIO;DE;JANEIRO;RJ;8;1);momso;o;cc;|;;;;;;;;
.;-;PSN;º;*;';Í;;;;;;;;;;;;;;;;;;;
|;2.;VENCIMENTO;9.;VALORES;DE;OUTRAS;';;;;;;;;;;;;;;;;;;
(Uso;exclusivo;do;INSS);"""";ENTIDADES;667,26:;|.;;;;;;;;;;;;;;;;;;
L;ATENÇÃO:;É;vedada;a;utilização;de;GPS;para;recolhimento;de;receita;de;valor;'|40.;ATM/MULTA;E;|;';;;;;;;
j;inferior;ao;estipulado;em;Resolução;publicada;pelo;INSS.;À;receita;que;resultar;';JUROS;';|;;;;;;;;;
.[_;valor;inferior;deverá;ser;adicionada;à;contribuição;ou;importancia;correspondente;|;“;;;;;;;;;;;;;
nos;meses;subseqientes,;até;que;o;total;seja;igual;ou;superior;ao;valor;mínimo;|;|;;;;;;;;;;
fixado.;";";];;;;;;;;;;;;;;;;;;;;;;;
"""";141.;TOTAL;3.930,87;|;;;;;;;;;;;;;;;;;;;;;
Obs.;:Nº;de;contribuintes:;2;12.;AUTENTICAÇÃO;BANCÁRIA;;;;;;;;;;;;;;;;;;
|;_________________Zªjg;;;;;;;;;;;;;;;;;;;;;;;;
MIAUÇicA;SESAJ443Í;100108;3.5908,07C;GPSGIK;J;;;;;;;;;;;;;;;;;;;;
.;—;MINISTÉRIO;DA;PREVIDÊNCIA;E;ASSISTÊNCIA;SOCIAL-MPAS;|3.;CÓDIGO;DE;2100;;;;;;;;;;;;;;
ÉÉÉ;INSTITUTO;NACIONAL;DO;SEGURO;SOCIAL-INSS;—;PAGAMENTO;4;;;;;;;;;;;;;;;;;
NA;.;4.;COMPETÊNCIA;12/2007;1;;;;;;;;;;;;;;;;;;;;
meem;—;GUIA;DA;PREVIDÊNCIA;SOCIAL;-;GPS;—;—;;;;;;;;;;;;;;;;
o;5.;IDENTIFICADOR;.571.775.690/0006-04;';;;;;;;;;;;;;;;;;;;;;
1.;NOME;OU;RAZÃO;SOCIAL/FONE/ENDEREÇO;"""";lg:vaLORES;DOINSS;|;153453;|;;;;;;;;;;;;;;;
FURUKAWA;INDUSTRIAL;S;A;PRODUTOS;ELETRICOS;=!;-;-;';:;;;;;;;;;;;;;;;
TELEFONE:;5103375533;7.;:;-;';;;;;;;;;;;;;;;;;;;;
RUA;ERNESTO;FONTOURA,;1479;/;SALA;801;-;SAO;GERALDO;CÉP:;90230-180;PORTO;|;;;;;;;;;;;;
ALEGRE;RS;|;;;;;;;;;;;;;;;;;;;;;;;
|;2.;VENCIMENTO;—;9.;VALORES;DE;OUTRAS|;i;|;;;;;;;;;;;;;;;;
(Uso;exclusivo;do;INSS);.;ENTIDADES;];320,63;;;;;;;;;;;;;;;;;;
";";ATENÇÃO:;É;vedada;a;utilização;de;GPS;para;recolhimento;de;receita;de;valor;[10.;ATM/MULTA;E;|;;;;;;;;
Y;inferior;ao;estipulado;em;Resolução;publicada;pelo;INSS.;A;receita;que;resultar;JUROS;';;;;;;;;;;;
*;valor;inferior;deverá;ser;adicionada;à;contribuição;ou;importancia;correspondente;|.;.;;;;;;;;;;;;;
nos;meses;subseqientes,;até;que;o;total;seja;igual;ou;superior;ao;valormínimo;—;|;';;;;;;;;;;
fixado.;';——;];;;;;;;;;;;;;;;;;;;;;;
11.;TOTAL;1.855,16;;;;;;;;;;;;;;;;;;;;;;;
Obs;.;:;Nº;de;contribuintes:;1;|;12.;AUTENTICAÇÃO;BANCÁRIA;;;;;;;;;;;;;;;
MOL2S;SOSC34434;1601468;í.B55,160;GPSDIN';';;;;;;;;;;;;;;;;;;;;
:;2º;via.,;;;;;;;;;;;;;;;;;;;;;;;
&c;MINISTÉRIO;DA;PREVIDÊNCIA;E;ASSISTÊNCIA;SOCIAL-MPAS;|*;CÓDIGO;DE;2100;;;;;;;;;;;;;;;
»;(;INSTITUTO;NACIONAL;DO;SEGURO;SOCIAL-INSS;);PAGAMENTO;:;:;;;;;;;;;;;;;;;
e;.;4.;COMPETÊNCIA;—;—;|;12/2007;;;;;;;;;;;;;;;;;;
renssasços;—;GUIA;DA;PREVIDENCIA;SOCIAL-GPS;|-;-;';-;-;:;;;;;;;;;;;;;;
o;2;p;IDENTIFICADOR;51.775.690/001;1-63;;;;;;;;;;;;;;;;;;;;
1:;NOME;OU;RAZÃO;SOCIAL/FONE/ENDEREÇO;116.;VALORES;DO;INSS;o;1.316,51;.;;;;;;;;;;;;;;
FURUKAWA;INDUSTRIAL;S;À;PRODUTOS;ELETRICOS;É;ED;|;;;;;;;;;;;;;;;;;
TELEFONE:;3134277233;;;;;;;;;;;;;;;;;;;;;;;;
';AVANTONIO;ABRAO;CARAM,430/SL;104;-;PAMPULHA;CEP:;31275-000;BELO;.';”;|;;;;;;;;;;;;;
2.;VENCIMENTO;';-;';2;|;9.;VALORES;DE;OUTRAS;';;;;;;;;;;;;;;
(Uso;exclusivo;do;INSS);';|;ENTIDADES;263,15;;;;;;;;;;;;;;;;;;
|;'ATENÇÃO:;É;vedada;a;utilização;de;GPS;para;recolhimento;de;receita;de;valor;||;10.;ATMIMULTA;E;1;Í;;;;;;
|;inferior;ao;estipulado;em;Resolução;publicada;pelo;INSS.;A;receita;que;resultar;-;|;JUROS;*;;;;;;;;;
"""";valor;inferior;deverá;ser;adicionada;à;contribuição;ou;importancia;correspondente;;;;;;;;;;;;;;;
nos;meses;subseqiuentes,;até;que;o;total;seja;igual;ou;superior;ao;valor;mínimo;:;!;|;';|;l;;;;;;
fixado.;——;;;;;;;;;;;;;;;;;;;;;;;;
';11.;TOTAL;1.579,66;|;;;;;;;;;;;;;;;;;;;;;
';Obs;.;:;Nº;de;contribuintes:;1;12.;AUTENTICAÇÃO;BANCÁRIA|;;;;;;;;;;;;;;;
.;TINMOiRA;SESARA4DÁ;100108;4.579,66E;GPSDIR;||;;;;;;;;;;;;;;;;;;;
o;|;2?via;;;;;;;;;;;;;;;;;;;;;;;
